Frame,Family,Genus,Species,SN,Number,TL
1,Labridae,Macropharyngodon,meleagris,Macropharyngodon_meleagris,1,6
1,Labridae,Stethojulis,bandanensis,Stethojulis_bandanensis,1,7
1,Pomacentridae,Pomacentrus,chrysurus,Pomacentrus_chrysurus,1,8
1,Pomacentridae,Pomacentrus,chrysurus,Pomacentrus_chrysurus,1,5
1,Pomacentridae,Pomacentrus,moluccensis,Pomacentrus_moluccensis,1,2
1,Pomacentridae,Pomacentrus,chrysurus,Pomacentrus_chrysurus,1,2
2,Pomacentridae,Pomacentrus,chrysurus,Pomacentrus_chrysurus,1,8
2,Pomacanthidae,Centropyge,vrolikii,Centropyge_vrolikii,1,10
3,Pomacentridae,Pomacentrus,chrysurus,Pomacentrus_chrysurus,1,8
3,Pomacentridae,Pomacentrus,moluccensis,Pomacentrus_moluccensis,1,3
3,Labridae,Anampses,neoguinaicus,Anampses_neoguinaicus,1,7
3,Nemipteridae,Scolopsis,bilineata,Scolopsis_bilineata,1,8
3,Labridae,Macropharyngodon,meleagris,Macropharyngodon_meleagris,1,6
3,Labridae,Anampses,geographicus,Anampses_geographicus,1,6
4,Labridae,Stethojulis,bandanensis,Stethojulis_bandanensis,1,6
4,Labridae,Macropharyngodon,meleagris,Macropharyngodon_meleagris,1,7
4,Nemipteridae,Scolopsis,bilineata,Scolopsis_bilineata,1,8
4,Pomacentridae,Pomacentrus,chrysurus,Pomacentrus_chrysurus,1,6
4,Pomacentridae,Pomacentrus,moluccensis,Pomacentrus_moluccensis,1,3
4,Pomacentridae,Pomacentrus,chrysurus,Pomacentrus_chrysurus,1,4
5,Nemipteridae,Scolopsis,bilineata,Scolopsis_bilineata,1,10
5,Pomacentridae,Pomacentrus,chrysurus,Pomacentrus_chrysurus,1,8
5,Pomacentridae,Pomacentrus,moluccensis,Pomacentrus_moluccensis,1,2
6,Pomacanthidae,Centropyge,vrolikii,Centropyge_vrolikii,1,12
6,Pomacentridae,Pomacentrus,chrysurus,Pomacentrus_chrysurus,1,6
6,Scaridae,Chlorurus,sordidus,Chlorurus_sordidus,1,14
6,Pomacentridae,Pomacentrus,moluccensis,Pomacentrus_moluccensis,1,2
6,Pomacentridae,Pomacentrus,chrysurus,Pomacentrus_chrysurus,1,4
7,Scaridae,Scarus,spp,Scarus_spp,1,8
7,Pomacentridae,Pomacentrus,chrysurus,Pomacentrus_chrysurus,1,6
7,Pomacanthidae,Centropyge,vrolikii,Centropyge_vrolikii,1,12
7,Pomacentridae,Neoglyphidodon,melas,Neoglyphidodon_melas,1,6
7,Labridae,Stethojulis,bandanensis,Stethojulis_bandanensis,1,6
8,Pomacanthidae,Centropyge,vrolikii,Centropyge_vrolikii,1,10
8,Pomacentridae,Pomacentrus,moluccensis,Pomacentrus_moluccensis,1,2
8,Labridae,Stethojulis,bandanensis,Stethojulis_bandanensis,1,8
8,Pomacentridae,Chromis,margaritifer,Chromis_margaritifer,1,4
8,Scaridae,Chlorurus,sordidus,Chlorurus_sordidus,1,8
8,Pomacentridae,Pomacentrus,chrysurus,Pomacentrus_chrysurus,1,7
8,Pomacentridae,Pomacentrus,chrysurus,Pomacentrus_chrysurus,1,5
9,Pomacanthidae,Centropyge,vrolikii,Centropyge_vrolikii,1,10
9,Pomacentridae,Pomacentrus,moluccensis,Pomacentrus_moluccensis,1,2
9,Labridae,Thalassoma,jansenii,Thalassoma_jansenii,1,10
9,Pomacentridae,Pomacentrus,chrysurus,Pomacentrus_chrysurus,1,4
9,Pomacentridae,Pomacentrus,chrysurus,Pomacentrus_chrysurus,1,5
9,Pomacentridae,Neoglyphidodon,melas,Neoglyphidodon_melas,1,8
9,Pomacentridae,Pomacentrus,chrysurus,Pomacentrus_chrysurus,1,5
10,Labridae,Coris,batuensis,Coris_batuensis,1,15
10,Pomacentridae,Pomacentrus,chrysurus,Pomacentrus_chrysurus,1,6
10,Pomacentridae,Pomacentrus,chrysurus,Pomacentrus_chrysurus,1,4
10,Pomacentridae,Pomacentrus,moluccensis,Pomacentrus_moluccensis,1,2
11,Labridae,Stethojulis,bandanensis,Stethojulis_bandanensis,1,8
11,Pomacentridae,Pomacentrus,chrysurus,Pomacentrus_chrysurus,1,7
11,Pomacentridae,Pomacentrus,moluccensis,Pomacentrus_moluccensis,1,2
12,Labridae,Coris,batuensis,Coris_batuensis,1,10
12,Pomacentridae,Pomacentrus,chrysurus,Pomacentrus_chrysurus,1,8
12,Nemipteridae,Scolopsis,bilineata,Scolopsis_bilineata,1,10
12,Labridae,Macropharyngodon,meleagris,Macropharyngodon_meleagris,1,8
12,Scaridae,Chlorurus,sordidus,Chlorurus_sordidus,1,12
12,Labridae,Stethojulis,bandanensis,Stethojulis_bandanensis,1,8
12,Pomacentridae,Chromis,margaritifer,Chromis_margaritifer,1,NA
12,Labridae,Stethojulis,bandanensis,Stethojulis_bandanensis,1,8
12,Pomacentridae,Pomacentrus,moluccensis,Pomacentrus_moluccensis,1,2
13,Labridae,Coris,batuensis,Coris_batuensis,1,10
13,Nemipteridae,Scolopsis,bilineata,Scolopsis_bilineata,1,10
13,Pomacentridae,Pomacentrus,chrysurus,Pomacentrus_chrysurus,1,6
13,Pomacentridae,Pomacentrus,chrysurus,Pomacentrus_chrysurus,1,6
13,Pomacentridae,Pomacentrus,moluccensis,Pomacentrus_moluccensis,1,2
14,Labridae,Coris,batuensis,Coris_batuensis,1,12
14,Pomacentridae,Pomacentrus,chrysurus,Pomacentrus_chrysurus,1,7
14,Nemipteridae,Scolopsis,bilineata,Scolopsis_bilineata,1,8
14,Labridae,Anampses,geographicus,Anampses_geographicus,1,8
14,Pomacentridae,Chromis,margaritifer,Chromis_margaritifer,1,3
14,Pomacentridae,Pomacentrus,moluccensis,Pomacentrus_moluccensis,1,2
15,Pomacentridae,Pomacentrus,moluccensis,Pomacentrus_moluccensis,1,2
15,Pomacentridae,Pomacentrus,moluccensis,Pomacentrus_moluccensis,1,3
15,Labridae,Stethojulis,bandanensis,Stethojulis_bandanensis,1,10
15,Pomacentridae,Pomacentrus,chrysurus,Pomacentrus_chrysurus,1,7
15,Labridae,Stethojulis,bandanensis,Stethojulis_bandanensis,1,6
15,Labridae,Macropharyngodon,meleagris,Macropharyngodon_meleagris,1,6
15,Pomacentridae,Chromis,margaritifer,Chromis_margaritifer,1,3
15,Labridae,Coris,batuensis,Coris_batuensis,1,10
15,Labridae,Thalassoma,jansenii,Thalassoma_jansenii,1,12
16,Labridae,Coris,batuensis,Coris_batuensis,1,10
16,Pomacentridae,Pomacentrus,chrysurus,Pomacentrus_chrysurus,1,8
16,Labridae,Stethojulis,bandanensis,Stethojulis_bandanensis,1,8
16,Labridae,Cheilinus,oxycephalus,Cheilinus_oxycephalus,1,NA
16,Pomacentridae,Pomacentrus,chrysurus,Pomacentrus_chrysurus,1,3
16,Pomacanthidae,Centropyge,vrolikii,Centropyge_vrolikii,1,10
17,Labridae,Macropharyngodon,meleagris,Macropharyngodon_meleagris,1,10
17,Labridae,Stethojulis,bandanensis,Stethojulis_bandanensis,1,8
17,Pomacentridae,Pomacentrus,moluccensis,Pomacentrus_moluccensis,1,2
17,Labridae,Anampses,geographicus,Anampses_geographicus,1,6
18,Labridae,Stethojulis,bandanensis,Stethojulis_bandanensis,1,10
18,Labridae,Coris,batuensis,Coris_batuensis,1,10
18,Pomacentridae,Pomacentrus,chrysurus,Pomacentrus_chrysurus,1,8
18,Labridae,Macropharyngodon,meleagris,Macropharyngodon_meleagris,1,8
18,Pomacentridae,Chromis,margaritifer,Chromis_margaritifer,1,3
18,Labridae,Anampses,geographicus,Anampses_geographicus,1,5
18,Pomacentridae,Pomacentrus,chrysurus,Pomacentrus_chrysurus,1,6
18,Pomacentridae,Pomacentrus,chrysurus,Pomacentrus_chrysurus,1,6
19,Labridae,Coris,batuensis,Coris_batuensis,1,12
19,Pomacentridae,Pomacentrus,chrysurus,Pomacentrus_chrysurus,1,8
19,Pomacentridae,Pomacentrus,moluccensis,Pomacentrus_moluccensis,1,2
19,Pomacentridae,Pomacentrus,moluccensis,Pomacentrus_moluccensis,1,3
19,Pomacentridae,Pomacentrus,chrysurus,Pomacentrus_chrysurus,1,6
20,Pomacentridae,Pomacentrus,moluccensis,Pomacentrus_moluccensis,1,2
20,Pomacentridae,Pomacentrus,chrysurus,Pomacentrus_chrysurus,1,6
21,Labridae,Thalassoma,jansenii,Thalassoma_jansenii,1,14
21,Pomacentridae,Pomacentrus,moluccensis,Pomacentrus_moluccensis,1,2
21,Pomacentridae,Pomacentrus,moluccensis,Pomacentrus_moluccensis,1,3
21,Pomacentridae,Pomacentrus,chrysurus,Pomacentrus_chrysurus,1,7
21,Pomacentridae,Pomacentrus,chrysurus,Pomacentrus_chrysurus,1,8
21,Pomacentridae,Pomacentrus,chrysurus,Pomacentrus_chrysurus,1,5
22,Pomacentridae,Pomacentrus,chrysurus,Pomacentrus_chrysurus,1,8
22,Labridae,Anampses,geographicus,Anampses_geographicus,1,10
23,Pomacentridae,Pomacentrus,moluccensis,Pomacentrus_moluccensis,1,2
23,Pomacentridae,Pomacentrus,chrysurus,Pomacentrus_chrysurus,1,4
24,Pomacentridae,Pomacentrus,chrysurus,Pomacentrus_chrysurus,1,8
24,Pomacentridae,Pomacentrus,chrysurus,Pomacentrus_chrysurus,1,5
24,Pomacentridae,Chromis,margaritifer,Chromis_margaritifer,1,3
25,Pomacentridae,Pomacentrus,chrysurus,Pomacentrus_chrysurus,1,8
25,Pseudochromidae,Pseudochromis,fuscus,Pseudochromis_fuscus,1,10
26,Pomacentridae,Pomacentrus,chrysurus,Pomacentrus_chrysurus,1,7
26,Labridae,Macropharyngodon,meleagris,Macropharyngodon_meleagris,1,8
26,Labridae,Stethojulis,bandanensis,Stethojulis_bandanensis,1,5
26,Nemipteridae,Scolopsis,bilineata,Scolopsis_bilineata,1,8
26,Pseudochromidae,Pseudochromis,fuscus,Pseudochromis_fuscus,1,8
26,Pomacentridae,Pomacentrus,chrysurus,Pomacentrus_chrysurus,1,6
26,Pomacentridae,Pomacentrus,moluccensis,Pomacentrus_moluccensis,1,2
26,Pomacentridae,Pomacentrus,moluccensis,Pomacentrus_moluccensis,1,3
26,Pomacentridae,Chromis,margaritifer,Chromis_margaritifer,1,3
26,Labridae,Cheilinus,chlorourus,Cheilinus_chlorourus,1,3
27,Pseudochromidae,Pseudochromis,fuscus,Pseudochromis_fuscus,1,8
27,Pomacentridae,Pomacentrus,moluccensis,Pomacentrus_moluccensis,1,2
27,Nemipteridae,Scolopsis,bilineata,Scolopsis_bilineata,1,12
27,Pomacentridae,Pomacentrus,chrysurus,Pomacentrus_chrysurus,1,8
27,Labridae,Anampses,geographicus,Anampses_geographicus,1,8
27,Pomacentridae,Pomacentrus,chrysurus,Pomacentrus_chrysurus,1,6
27,Pomacentridae,Chromis,margaritifer,Chromis_margaritifer,1,3
27,Labridae,Anampses,geographicus,Anampses_geographicus,1,8
28,Pomacentridae,Pomacentrus,chrysurus,Pomacentrus_chrysurus,1,7
28,Pomacentridae,Pomacentrus,chrysurus,Pomacentrus_chrysurus,1,7
28,Pomacentridae,Pomacentrus,moluccensis,Pomacentrus_moluccensis,1,2
29,Pseudochromidae,Pseudochromis,fuscus,Pseudochromis_fuscus,1,10
29,Pomacentridae,Pomacentrus,moluccensis,Pomacentrus_moluccensis,1,2
29,Labridae,Anampses,geographicus,Anampses_geographicus,1,8
29,Pomacentridae,Pomacentrus,chrysurus,Pomacentrus_chrysurus,1,8
30,Nemipteridae,Scolopsis,bilineata,Scolopsis_bilineata,1,10
30,Labridae,Stethojulis,bandanensis,Stethojulis_bandanensis,1,8
30,Labridae,Halichoeres,melanurus,Halichoeres_melanurus,1,8
30,Pomacentridae,Pomacentrus,chrysurus,Pomacentrus_chrysurus,1,6
30,Pomacentridae,Pomacentrus,chrysurus,Pomacentrus_chrysurus,1,8
30,Pseudochromidae,Pseudochromis,fuscus,Pseudochromis_fuscus,1,10
30,Pomacentridae,Pomacentrus,moluccensis,Pomacentrus_moluccensis,1,2
31,Nemipteridae,Scolopsis,bilineata,Scolopsis_bilineata,1,14
31,Pomacentridae,Pomacentrus,moluccensis,Pomacentrus_moluccensis,1,3
31,Pomacentridae,Pomacentrus,moluccensis,Pomacentrus_moluccensis,1,2
31,Pseudochromidae,Pseudochromis,fuscus,Pseudochromis_fuscus,1,10
31,Pomacentridae,Pomacentrus,chrysurus,Pomacentrus_chrysurus,1,6
31,Pomacentridae,Pomacentrus,chrysurus,Pomacentrus_chrysurus,1,2
31,Pomacentridae,Pomacentrus,chrysurus,Pomacentrus_chrysurus,1,5
32,Pomacentridae,Pomacentrus,moluccensis,Pomacentrus_moluccensis,1,2
32,Pseudochromidae,Pseudochromis,fuscus,Pseudochromis_fuscus,1,10
32,Pomacentridae,Pomacentrus,chrysurus,Pomacentrus_chrysurus,1,8
32,Pomacentridae,Pomacentrus,chrysurus,Pomacentrus_chrysurus,1,6
32,Nemipteridae,Scolopsis,bilineata,Scolopsis_bilineata,1,10
33,Pomacentridae,Pomacentrus,chrysurus,Pomacentrus_chrysurus,1,6
33,Pomacentridae,Pomacentrus,chrysurus,Pomacentrus_chrysurus,1,6
33,Pomacentridae,Pomacentrus,chrysurus,Pomacentrus_chrysurus,1,6
34,Pomacentridae,Pomacentrus,chrysurus,Pomacentrus_chrysurus,1,6
34,Pomacentridae,Pomacentrus,moluccensis,Pomacentrus_moluccensis,1,2
34,Pomacentridae,Pomacentrus,moluccensis,Pomacentrus_moluccensis,1,3
34,Pomacentridae,Pomacentrus,chrysurus,Pomacentrus_chrysurus,1,6
35,Pomacentridae,Pomacentrus,chrysurus,Pomacentrus_chrysurus,1,8
35,Pomacentridae,Pomacentrus,chrysurus,Pomacentrus_chrysurus,1,6
35,Pomacentridae,Pomacentrus,chrysurus,Pomacentrus_chrysurus,1,6
35,Pomacentridae,Pomacentrus,moluccensis,Pomacentrus_moluccensis,1,2
36,Pomacentridae,Pomacentrus,chrysurus,Pomacentrus_chrysurus,1,6
36,Labridae,Stethojulis,bandanensis,Stethojulis_bandanensis,1,8
36,Pomacentridae,Pomacentrus,chrysurus,Pomacentrus_chrysurus,1,6
37,Labridae,Cheilinus,chlorourus,Cheilinus_chlorourus,1,3
37,Pomacentridae,Pomacentrus,chrysurus,Pomacentrus_chrysurus,1,5
37,Pomacentridae,Pomacentrus,chrysurus,Pomacentrus_chrysurus,1,5
38,Pomacentridae,Pomacentrus,chrysurus,Pomacentrus_chrysurus,1,8
38,Pomacentridae,Pomacentrus,moluccensis,Pomacentrus_moluccensis,1,2
38,Labridae,Cheilinus,chlorourus,Cheilinus_chlorourus,1,3
39,Pomacentridae,Pomacentrus,chrysurus,Pomacentrus_chrysurus,1,6
39,Pseudochromidae,Pseudochromis,fuscus,Pseudochromis_fuscus,1,10
40,Labridae,Thalassoma,jansenii,Thalassoma_jansenii,1,14
40,Pseudochromidae,Pseudochromis,fuscus,Pseudochromis_fuscus,1,8
41,Pomacentridae,Pomacentrus,chrysurus,Pomacentrus_chrysurus,1,6
41,Pomacentridae,Pomacentrus,chrysurus,Pomacentrus_chrysurus,1,6
41,Labridae,Cheilinus,chlorourus,Cheilinus_chlorourus,1,2
41,Labridae,Macropharyngodon,meleagris,Macropharyngodon_meleagris,1,6
41,Pomacentridae,Pomacentrus,moluccensis,Pomacentrus_moluccensis,1,3
42,Pomacentridae,Pomacentrus,chrysurus,Pomacentrus_chrysurus,1,6
42,Pomacentridae,Pomacentrus,chrysurus,Pomacentrus_chrysurus,1,6
42,Pomacentridae,Pomacentrus,moluccensis,Pomacentrus_moluccensis,1,3
42,Pomacentridae,Pomacentrus,moluccensis,Pomacentrus_moluccensis,1,2
42,Pomacentridae,Pomacentrus,chrysurus,Pomacentrus_chrysurus,1,6
42,Labridae,Anampses,geographicus,Anampses_geographicus,1,6
43,Pomacentridae,Pomacentrus,chrysurus,Pomacentrus_chrysurus,1,8
43,Pomacentridae,Pomacentrus,chrysurus,Pomacentrus_chrysurus,1,6
43,Pomacentridae,Pomacentrus,moluccensis,Pomacentrus_moluccensis,1,2
44,Labridae,Stethojulis,bandanensis,Stethojulis_bandanensis,1,8
44,Labridae,Anampses,geographicus,Anampses_geographicus,1,7
44,Pomacentridae,Pomacentrus,moluccensis,Pomacentrus_moluccensis,1,2
44,Pomacentridae,Pomacentrus,philippinus,Pomacentrus_philippinus,1,8
44,Pomacentridae,Pomacentrus,chrysurus,Pomacentrus_chrysurus,1,6
45,Pomacentridae,Pomacentrus,chrysurus,Pomacentrus_chrysurus,1,6
45,Labridae,Macropharyngodon,meleagris,Macropharyngodon_meleagris,1,8
45,Pomacentridae,Pomacentrus,moluccensis,Pomacentrus_moluccensis,1,2
45,Labridae,Anampses,geographicus,Anampses_geographicus,1,7
46,Pomacentridae,Pomacentrus,moluccensis,Pomacentrus_moluccensis,1,2
46,Pomacentridae,Pomacentrus,chrysurus,Pomacentrus_chrysurus,1,8
46,Labridae,Anampses,geographicus,Anampses_geographicus,1,6
47,Labridae,Coris,batuensis,Coris_batuensis,1,10
47,Pomacentridae,Pomacentrus,chrysurus,Pomacentrus_chrysurus,1,6
48,Labridae,Coris,batuensis,Coris_batuensis,1,12
48,Pomacentridae,Pomacentrus,chrysurus,Pomacentrus_chrysurus,1,8
48,Pomacentridae,Pomacentrus,moluccensis,Pomacentrus_moluccensis,1,2
48,Pomacentridae,Pomacentrus,moluccensis,Pomacentrus_moluccensis,1,3
48,Pomacentridae,Pomacentrus,chrysurus,Pomacentrus_chrysurus,1,6
48,Pomacentridae,Pomacentrus,chrysurus,Pomacentrus_chrysurus,1,6
49,Labridae,Coris,batuensis,Coris_batuensis,1,14
49,Pomacentridae,Pomacentrus,chrysurus,Pomacentrus_chrysurus,1,6
49,Pomacentridae,Pomacentrus,moluccensis,Pomacentrus_moluccensis,1,10
49,Labridae,Cheilinus,chlorourus,Cheilinus_chlorourus,1,3
50,Pomacentridae,Pomacentrus,chrysurus,Pomacentrus_chrysurus,1,8
50,Labridae,Coris,batuensis,Coris_batuensis,1,12
50,Labridae,Coris,batuensis,Coris_batuensis,1,10
50,Nemipteridae,Scolopsis,bilineata,Scolopsis_bilineata,1,8
50,Labridae,Cheilinus,chlorourus,Cheilinus_chlorourus,1,2
50,Pomacentridae,Pomacentrus,moluccensis,Pomacentrus_moluccensis,1,2
50,Scaridae,Chlorurus,sordidus,Chlorurus_sordidus,1,14
51,Pomacentridae,Pomacentrus,chrysurus,Pomacentrus_chrysurus,1,6
51,Nemipteridae,Scolopsis,bilineata,Scolopsis_bilineata,1,12
51,Labridae,Cheilinus,chlorourus,Cheilinus_chlorourus,1,2
52,Pomacentridae,Pomacentrus,chrysurus,Pomacentrus_chrysurus,1,10
52,Pomacentridae,Pomacentrus,chrysurus,Pomacentrus_chrysurus,1,6
52,Pomacentridae,Pomacentrus,chrysurus,Pomacentrus_chrysurus,1,5
52,Pomacentridae,Pomacentrus,chrysurus,Pomacentrus_chrysurus,1,6
53,Pomacentridae,Pomacentrus,chrysurus,Pomacentrus_chrysurus,1,6
53,Pomacentridae,Pomacentrus,chrysurus,Pomacentrus_chrysurus,1,6
53,Labridae,Coris,batuensis,Coris_batuensis,1,6
53,Pomacentridae,Pomacentrus,moluccensis,Pomacentrus_moluccensis,1,2
54,Pomacentridae,Pomacentrus,moluccensis,Pomacentrus_moluccensis,1,2
54,Pomacentridae,Pomacentrus,moluccensis,Pomacentrus_moluccensis,1,3
54,Pomacentridae,Pomacentrus,chrysurus,Pomacentrus_chrysurus,1,6
54,Labridae,Thalassoma,jansenii,Thalassoma_jansenii,1,8
54,Labridae,Coris,batuensis,Coris_batuensis,1,8
54,Pomacentridae,Pomacentrus,chrysurus,Pomacentrus_chrysurus,1,6
55,Pomacentridae,Pomacentrus,moluccensis,Pomacentrus_moluccensis,1,2
55,Labridae,Coris,batuensis,Coris_batuensis,1,10
55,Labridae,Anampses,geographicus,Anampses_geographicus,1,10
55,Pomacentridae,Pomacentrus,chrysurus,Pomacentrus_chrysurus,1,6
56,Pomacentridae,Pomacentrus,chrysurus,Pomacentrus_chrysurus,1,8
56,Pomacentridae,Pomacentrus,chrysurus,Pomacentrus_chrysurus,1,6
56,Pomacentridae,Pomacentrus,chrysurus,Pomacentrus_chrysurus,1,4
57,Pomacentridae,Pomacentrus,moluccensis,Pomacentrus_moluccensis,1,2
57,Pomacentridae,Pomacentrus,moluccensis,Pomacentrus_moluccensis,1,3
57,Labridae,Stethojulis,bandanensis,Stethojulis_bandanensis,1,6
57,Pomacentridae,Pomacentrus,chrysurus,Pomacentrus_chrysurus,1,8
57,Pomacentridae,Pomacentrus,chrysurus,Pomacentrus_chrysurus,1,4
57,Labridae,Anampses,geographicus,Anampses_geographicus,1,7
58,Pomacentridae,Pomacentrus,chrysurus,Pomacentrus_chrysurus,1,6
58,Labridae,Stethojulis,bandanensis,Stethojulis_bandanensis,1,8
58,Labridae,Coris,batuensis,Coris_batuensis,1,8
59,Pomacanthidae,Centropyge,vrolikii,Centropyge_vrolikii,1,10
59,Labridae,Macropharyngodon,meleagris,Macropharyngodon_meleagris,1,12
59,Labridae,Stethojulis,bandanensis,Stethojulis_bandanensis,1,10
59,Pomacentridae,Pomacentrus,chrysurus,Pomacentrus_chrysurus,1,8
59,Nemipteridae,Scolopsis,bilineata,Scolopsis_bilineata,1,10
59,Labridae,Cheilinus,chlorourus,Cheilinus_chlorourus,1,2
59,Pomacentridae,Pomacentrus,chrysurus,Pomacentrus_chrysurus,1,2
59,Pomacentridae,Pomacentrus,chrysurus,Pomacentrus_chrysurus,1,6
59,Labridae,Coris,batuensis,Coris_batuensis,1,8
59,Labridae,Anampses,geographicus,Anampses_geographicus,1,8
60,Labridae,Stethojulis,bandanensis,Stethojulis_bandanensis,1,9
60,Pomacentridae,Pomacentrus,chrysurus,Pomacentrus_chrysurus,1,8
60,Labridae,Macropharyngodon,meleagris,Macropharyngodon_meleagris,1,10
60,Labridae,Anampses,geographicus,Anampses_geographicus,1,8
60,Pomacentridae,Pomacentrus,moluccensis,Pomacentrus_moluccensis,1,2
60,Labridae,Coris,batuensis,Coris_batuensis,1,6
60,Labridae,Stethojulis,bandanensis,Stethojulis_bandanensis,1,8
60,Nemipteridae,Scolopsis,bilineata,Scolopsis_bilineata,1,12
61,Pomacanthidae,Centropyge,vrolikii,Centropyge_vrolikii,1,10
61,Pomacentridae,Pomacentrus,chrysurus,Pomacentrus_chrysurus,1,10
61,Labridae,Thalassoma,hardwicke,Thalassoma_hardwicke,1,10
62,Pomacentridae,Pomacentrus,chrysurus,Pomacentrus_chrysurus,1,10
62,Labridae,Macropharyngodon,meleagris,Macropharyngodon_meleagris,1,12
62,Labridae,Coris,batuensis,Coris_batuensis,1,10
62,Pomacanthidae,Centropyge,vrolikii,Centropyge_vrolikii,1,12
62,Labridae,Coris,gaimard,Coris_gaimard,1,12
62,Pomacentridae,Pomacentrus,chrysurus,Pomacentrus_chrysurus,1,8
62,Pomacentridae,Pomacentrus,chrysurus,Pomacentrus_chrysurus,1,4
62,Pomacentridae,Pomacentrus,moluccensis,Pomacentrus_moluccensis,1,2
63,Labridae,Macropharyngodon,meleagris,Macropharyngodon_meleagris,1,12
63,Labridae,Thalassoma,jansenii,Thalassoma_jansenii,1,15
63,Pomacentridae,Pomacentrus,chrysurus,Pomacentrus_chrysurus,1,10
63,Pomacentridae,Pomacentrus,chrysurus,Pomacentrus_chrysurus,1,10
63,Pomacentridae,Pomacentrus,moluccensis,Pomacentrus_moluccensis,1,2
64,Pomacentridae,Pomacentrus,moluccensis,Pomacentrus_moluccensis,1,2
64,Labridae,Stethojulis,bandanensis,Stethojulis_bandanensis,1,12
64,Labridae,Stethojulis,bandanensis,Stethojulis_bandanensis,1,10
64,Labridae,Coris,gaimard,Coris_gaimard,1,12
64,Nemipteridae,Scolopsis,bilineata,Scolopsis_bilineata,1,14
64,Labridae,Halichoeres,marginatus,Halichoeres_marginatus,1,14
64,Pomacentridae,Pomacentrus,chrysurus,Pomacentrus_chrysurus,1,8
64,Pomacentridae,Pomacentrus,chrysurus,Pomacentrus_chrysurus,1,8
64,Labridae,Anampses,geographicus,Anampses_geographicus,1,8
65,Labridae,Coris,batuensis,Coris_batuensis,1,12
65,Pomacentridae,Pomacentrus,moluccensis,Pomacentrus_moluccensis,1,2
65,Scaridae,Chlorurus,sordidus,Chlorurus_sordidus,1,15
65,Labridae,Cheilinus,chlorourus,Cheilinus_chlorourus,1,6
66,Labridae,Cheilinus,chlorourus,Cheilinus_chlorourus,1,6
66,Labridae,Coris,gaimard,Coris_gaimard,1,10
66,Labridae,Anampses,geographicus,Anampses_geographicus,1,8
66,Labridae,Stethojulis,bandanensis,Stethojulis_bandanensis,1,10
66,Scaridae,Chlorurus,sordidus,Chlorurus_sordidus,1,15
66,Labridae,Coris,batuensis,Coris_batuensis,1,14
66,Pseudochromidae,Pseudochromis,fuscus,Pseudochromis_fuscus,1,14
66,Pomacentridae,Pomacentrus,chrysurus,Pomacentrus_chrysurus,1,10
66,Pomacentridae,Pomacentrus,chrysurus,Pomacentrus_chrysurus,1,5
66,Pomacentridae,Pomacentrus,chrysurus,Pomacentrus_chrysurus,1,8
66,Pomacentridae,Pomacentrus,moluccensis,Pomacentrus_moluccensis,1,2
66,Labridae,Macropharyngodon,meleagris,Macropharyngodon_meleagris,1,12
67,Pseudochromidae,Pseudochromis,fuscus,Pseudochromis_fuscus,1,12
67,Pomacentridae,Pomacentrus,chrysurus,Pomacentrus_chrysurus,1,10
67,Pomacentridae,Pomacentrus,chrysurus,Pomacentrus_chrysurus,1,8
67,Pomacentridae,Pomacentrus,chrysurus,Pomacentrus_chrysurus,1,8
67,Pomacentridae,Pomacentrus,moluccensis,Pomacentrus_moluccensis,1,2
68,Labridae,Coris,batuensis,Coris_batuensis,1,13
68,Pomacanthidae,Centropyge,vrolikii,Centropyge_vrolikii,1,10
68,Pomacentridae,Pomacentrus,chrysurus,Pomacentrus_chrysurus,1,4
68,Pomacentridae,Pomacentrus,chrysurus,Pomacentrus_chrysurus,1,4
68,Pomacentridae,Neoglyphidodon,melas,Neoglyphidodon_melas,1,10
69,Pomacentridae,Pomacentrus,moluccensis,Pomacentrus_moluccensis,1,2
69,Pomacentridae,Pomacentrus,moluccensis,Pomacentrus_moluccensis,1,4
69,Labridae,Coris,batuensis,Coris_batuensis,1,12
69,Pomacanthidae,Centropyge,vrolikii,Centropyge_vrolikii,1,12
69,Pomacentridae,Pomacentrus,chrysurus,Pomacentrus_chrysurus,1,10
69,Pomacentridae,Pomacentrus,chrysurus,Pomacentrus_chrysurus,1,8
69,Nemipteridae,Scolopsis,bilineata,Scolopsis_bilineata,1,14
70,Pomacentridae,Pomacentrus,chrysurus,Pomacentrus_chrysurus,1,10
70,Pseudochromidae,Pseudochromis,fuscus,Pseudochromis_fuscus,1,12
70,Labridae,Coris,batuensis,Coris_batuensis,1,12
70,Pomacanthidae,Centropyge,vrolikii,Centropyge_vrolikii,1,10
70,Pomacentridae,Pomacentrus,moluccensis,Pomacentrus_moluccensis,1,2
70,Pomacentridae,Pomacentrus,moluccensis,Pomacentrus_moluccensis,1,4
70,Pomacanthidae,Centropyge,vrolikii,Centropyge_vrolikii,1,10
70,Labridae,Coris,gaimard,Coris_gaimard,1,10
70,Scaridae,Chlorurus,sordidus,Chlorurus_sordidus,1,14
71,Labridae,Coris,batuensis,Coris_batuensis,1,12
71,Pseudochromidae,Pseudochromis,fuscus,Pseudochromis_fuscus,1,12
71,Pomacentridae,Pomacentrus,chrysurus,Pomacentrus_chrysurus,1,10
71,Labridae,Coris,gaimard,Coris_gaimard,1,14
71,Pomacanthidae,Centropyge,vrolikii,Centropyge_vrolikii,1,10
71,Pomacentridae,Pomacentrus,moluccensis,Pomacentrus_moluccensis,1,2
71,Scaridae,Chlorurus,sordidus,Chlorurus_sordidus,1,15
72,Pomacanthidae,Centropyge,vrolikii,Centropyge_vrolikii,1,10
72,Labridae,Coris,batuensis,Coris_batuensis,1,12
72,Pomacentridae,Pomacentrus,chrysurus,Pomacentrus_chrysurus,1,10
73,Labridae,Coris,batuensis,Coris_batuensis,1,14
73,Pomacentridae,Pomacentrus,moluccensis,Pomacentrus_moluccensis,1,2
73,Pomacanthidae,Centropyge,vrolikii,Centropyge_vrolikii,1,10
73,Pomacentridae,Pomacentrus,chrysurus,Pomacentrus_chrysurus,1,8
74,Labridae,Coris,batuensis,Coris_batuensis,1,12
74,Pomacentridae,Pomacentrus,chrysurus,Pomacentrus_chrysurus,1,8
74,Pomacentridae,Pomacentrus,chrysurus,Pomacentrus_chrysurus,1,4
75,Pomacentridae,Pomacentrus,chrysurus,Pomacentrus_chrysurus,1,8
75,Labridae,Coris,batuensis,Coris_batuensis,1,12
75,Pomacentridae,Pomacentrus,moluccensis,Pomacentrus_moluccensis,1,2
76,Pomacentridae,Pomacentrus,moluccensis,Pomacentrus_moluccensis,1,2
76,Pomacentridae,Pomacentrus,moluccensis,Pomacentrus_moluccensis,1,4
76,Pomacentridae,Pomacentrus,chrysurus,Pomacentrus_chrysurus,1,7
76,Pomacentridae,Pomacentrus,chrysurus,Pomacentrus_chrysurus,1,7
76,Labridae,Coris,batuensis,Coris_batuensis,1,12
76,Pomacentridae,Pomacentrus,chrysurus,Pomacentrus_chrysurus,1,8
77,Pomacentridae,Pomacentrus,chrysurus,Pomacentrus_chrysurus,1,8
77,Pomacentridae,Pomacentrus,moluccensis,Pomacentrus_moluccensis,1,2
77,Synodontidae,Synodus,variegatus,Synodus_variegatus,1,14
77,Labridae,Stethojulis,bandanensis,Stethojulis_bandanensis,1,8
77,Labridae,Macropharyngodon,meleagris,Macropharyngodon_meleagris,1,10
78,Pomacanthidae,Centropyge,vrolikii,Centropyge_vrolikii,1,10
78,Pomacentridae,Pomacentrus,moluccensis,Pomacentrus_moluccensis,1,2
78,Pomacentridae,Pomacentrus,moluccensis,Pomacentrus_moluccensis,1,4
78,Labridae,Stethojulis,bandanensis,Stethojulis_bandanensis,1,12
78,Labridae,Coris,gaimard,Coris_gaimard,1,10
78,Pomacentridae,Pomacentrus,chrysurus,Pomacentrus_chrysurus,1,7
78,Labridae,Coris,batuensis,Coris_batuensis,1,10
78,Pomacentridae,Pomacentrus,philippinus,Pomacentrus_philippinus,1,10
79,Pomacentridae,Pomacentrus,philippinus,Pomacentrus_philippinus,1,10
79,Pomacentridae,Pomacentrus,moluccensis,Pomacentrus_moluccensis,1,2
79,Pomacentridae,Pomacentrus,moluccensis,Pomacentrus_moluccensis,1,4
79,Pomacanthidae,Centropyge,vrolikii,Centropyge_vrolikii,1,10
79,Labridae,Stethojulis,bandanensis,Stethojulis_bandanensis,1,8
79,Labridae,Thalassoma,jansenii,Thalassoma_jansenii,1,15
80,Pomacentridae,Pomacentrus,chrysurus,Pomacentrus_chrysurus,1,10
80,Pomacentridae,Pomacentrus,chrysurus,Pomacentrus_chrysurus,1,8
80,Nemipteridae,Scolopsis,bilineata,Scolopsis_bilineata,1,12
80,Labridae,Stethojulis,bandanensis,Stethojulis_bandanensis,1,12
80,Pomacentridae,Pomacentrus,moluccensis,Pomacentrus_moluccensis,1,2
81,Pomacentridae,Pomacentrus,moluccensis,Pomacentrus_moluccensis,1,2
81,Labridae,Macropharyngodon,meleagris,Macropharyngodon_meleagris,1,12
81,Pomacentridae,Pomacentrus,chrysurus,Pomacentrus_chrysurus,1,8
81,Nemipteridae,Scolopsis,bilineata,Scolopsis_bilineata,1,10
81,Labridae,Stethojulis,bandanensis,Stethojulis_bandanensis,1,10
81,Labridae,Coris,gaimard,Coris_gaimard,1,9
81,Labridae,Anampses,geographicus,Anampses_geographicus,1,5
82,Labridae,Stethojulis,bandanensis,Stethojulis_bandanensis,1,12
82,Labridae,Coris,gaimard,Coris_gaimard,1,10
82,Pomacentridae,Pomacentrus,moluccensis,Pomacentrus_moluccensis,1,2
82,Pseudochromidae,Pseudochromis,fuscus,Pseudochromis_fuscus,1,10
82,Labridae,Anampses,geographicus,Anampses_geographicus,1,10
82,Labridae,Macropharyngodon,meleagris,Macropharyngodon_meleagris,1,11
82,Pomacentridae,Pomacentrus,chrysurus,Pomacentrus_chrysurus,1,10
83,Pomacentridae,Pomacentrus,chrysurus,Pomacentrus_chrysurus,1,10
83,Labridae,Stethojulis,bandanensis,Stethojulis_bandanensis,1,10
83,Pomacentridae,Pomacentrus,moluccensis,Pomacentrus_moluccensis,1,4
83,Labridae,Macropharyngodon,meleagris,Macropharyngodon_meleagris,1,10
83,Labridae,Coris,gaimard,Coris_gaimard,1,10
83,Labridae,Anampses,geographicus,Anampses_geographicus,1,10
84,Labridae,Anampses,geographicus,Anampses_geographicus,1,10
84,Labridae,Stethojulis,bandanensis,Stethojulis_bandanensis,1,11
84,Pomacentridae,Pomacentrus,chrysurus,Pomacentrus_chrysurus,1,10
84,Pomacentridae,Pomacentrus,chrysurus,Pomacentrus_chrysurus,1,8
84,Labridae,Stethojulis,bandanensis,Stethojulis_bandanensis,1,11
84,Pomacanthidae,Centropyge,vrolikii,Centropyge_vrolikii,1,10
84,Labridae,Macropharyngodon,meleagris,Macropharyngodon_meleagris,1,13
85,Scaridae,Scarus,globiceps,Scarus_globiceps,1,22
85,Labridae,Stethojulis,bandanensis,Stethojulis_bandanensis,1,12
85,Labridae,Stethojulis,bandanensis,Stethojulis_bandanensis,1,12
85,Pomacentridae,Pomacentrus,chrysurus,Pomacentrus_chrysurus,1,10
86,Pomacentridae,Pomacentrus,moluccensis,Pomacentrus_moluccensis,1,4
86,Labridae,Stethojulis,bandanensis,Stethojulis_bandanensis,1,10
86,Pomacentridae,Pomacentrus,chrysurus,Pomacentrus_chrysurus,1,6
87,Pomacentridae,Pomacentrus,chrysurus,Pomacentrus_chrysurus,1,8
87,Pomacentridae,Pomacentrus,moluccensis,Pomacentrus_moluccensis,1,2
87,Pomacentridae,Pomacentrus,moluccensis,Pomacentrus_moluccensis,1,4
87,Pomacentridae,Pomacentrus,chrysurus,Pomacentrus_chrysurus,1,10
88,Pomacentridae,Pomacentrus,chrysurus,Pomacentrus_chrysurus,1,10
88,Pomacentridae,Pomacentrus,chrysurus,Pomacentrus_chrysurus,1,7
88,Pomacentridae,Pomacentrus,chrysurus,Pomacentrus_chrysurus,1,7
88,Pomacentridae,Pomacentrus,moluccensis,Pomacentrus_moluccensis,1,2
89,Pomacentridae,Pomacentrus,moluccensis,Pomacentrus_moluccensis,1,4
89,Pomacentridae,Pomacentrus,chrysurus,Pomacentrus_chrysurus,1,10
89,Pomacentridae,Pomacentrus,chrysurus,Pomacentrus_chrysurus,1,8
90,Pomacentridae,Pomacentrus,chrysurus,Pomacentrus_chrysurus,1,2
90,Pomacentridae,Pomacentrus,chrysurus,Pomacentrus_chrysurus,1,4
91,Pomacentridae,Pomacentrus,chrysurus,Pomacentrus_chrysurus,1,7
91,Pomacentridae,Pomacentrus,moluccensis,Pomacentrus_moluccensis,1,2
91,Pomacentridae,Pomacentrus,moluccensis,Pomacentrus_moluccensis,1,4
92,Pomacentridae,Pomacentrus,chrysurus,Pomacentrus_chrysurus,1,6
93,Pomacentridae,Pomacentrus,moluccensis,Pomacentrus_moluccensis,1,2
93,Pomacentridae,Pomacentrus,chrysurus,Pomacentrus_chrysurus,1,10
94,Pomacentridae,Pomacentrus,chrysurus,Pomacentrus_chrysurus,1,7
95,Pomacentridae,Pomacentrus,chrysurus,Pomacentrus_chrysurus,1,10
95,Pomacentridae,Pomacentrus,chrysurus,Pomacentrus_chrysurus,1,6
96,Pomacentridae,Pomacentrus,chrysurus,Pomacentrus_chrysurus,1,10
96,Pomacentridae,Pomacentrus,chrysurus,Pomacentrus_chrysurus,1,4
97,Pomacentridae,Pomacentrus,chrysurus,Pomacentrus_chrysurus,1,6
97,Pomacentridae,Pomacentrus,chrysurus,Pomacentrus_chrysurus,1,6
97,Pomacentridae,Pomacentrus,chrysurus,Pomacentrus_chrysurus,1,2
97,Pomacentridae,Pomacentrus,chrysurus,Pomacentrus_chrysurus,1,4
98,Pomacentridae,Pomacentrus,chrysurus,Pomacentrus_chrysurus,1,8
98,Pomacentridae,Pomacentrus,chrysurus,Pomacentrus_chrysurus,1,8
98,Pomacentridae,Pomacentrus,moluccensis,Pomacentrus_moluccensis,1,2
99,Pomacentridae,Pomacentrus,chrysurus,Pomacentrus_chrysurus,1,10
99,Pomacentridae,Pomacentrus,moluccensis,Pomacentrus_moluccensis,1,6
100,Pomacentridae,Pomacentrus,moluccensis,Pomacentrus_moluccensis,1,6
100,Pomacentridae,Pomacentrus,moluccensis,Pomacentrus_moluccensis,1,2
100,Pomacentridae,Pomacentrus,chrysurus,Pomacentrus_chrysurus,1,10
100,Pomacanthidae,Centropyge,vrolikii,Centropyge_vrolikii,1,10
100,Labridae,Anampses,geographicus,Anampses_geographicus,1,6
100,Labridae,Halichoeres,melanurus,Halichoeres_melanurus,1,10
100,Labridae,Stethojulis,bandanensis,Stethojulis_bandanensis,1,10
101,Pomacentridae,Pomacentrus,chrysurus,Pomacentrus_chrysurus,1,10
101,Pomacentridae,Pomacentrus,chrysurus,Pomacentrus_chrysurus,1,8
101,Pomacentridae,Pomacentrus,moluccensis,Pomacentrus_moluccensis,1,2
101,Pomacentridae,Pomacentrus,chrysurus,Pomacentrus_chrysurus,1,7
102,Pomacentridae,Pomacentrus,moluccensis,Pomacentrus_moluccensis,1,2
103,Pomacentridae,Pomacentrus,chrysurus,Pomacentrus_chrysurus,1,10
103,Pomacentridae,Pomacentrus,chrysurus,Pomacentrus_chrysurus,1,8
103,Pomacentridae,Pomacentrus,moluccensis,Pomacentrus_moluccensis,1,2
104,Synodontidae,Synodus,variegatus,Synodus_variegatus,1,14
104,Pseudochromidae,Pseudochromis,fuscus,Pseudochromis_fuscus,1,10
104,Pomacentridae,Pomacentrus,moluccensis,Pomacentrus_moluccensis,1,2
104,Pomacentridae,Pomacentrus,chrysurus,Pomacentrus_chrysurus,1,8
104,Pomacentridae,Pomacentrus,chrysurus,Pomacentrus_chrysurus,1,8
104,Pomacentridae,Pomacentrus,chrysurus,Pomacentrus_chrysurus,1,7
105,Pomacentridae,Pomacentrus,chrysurus,Pomacentrus_chrysurus,1,10
105,Pomacentridae,Pomacentrus,chrysurus,Pomacentrus_chrysurus,1,8
105,Pomacentridae,Pomacentrus,chrysurus,Pomacentrus_chrysurus,1,8
105,Pomacentridae,Pomacentrus,chrysurus,Pomacentrus_chrysurus,1,5
106,Pomacentridae,Pomacentrus,chrysurus,Pomacentrus_chrysurus,1,10
106,Pomacentridae,Pomacentrus,chrysurus,Pomacentrus_chrysurus,1,7
106,Pomacentridae,Pomacentrus,chrysurus,Pomacentrus_chrysurus,1,6
106,Pomacentridae,Pomacentrus,moluccensis,Pomacentrus_moluccensis,1,2
107,Pomacentridae,Pomacentrus,moluccensis,Pomacentrus_moluccensis,1,2
107,Pomacentridae,Pomacentrus,chrysurus,Pomacentrus_chrysurus,1,7
107,Pomacentridae,Pomacentrus,chrysurus,Pomacentrus_chrysurus,1,7
107,Pomacentridae,Pomacentrus,chrysurus,Pomacentrus_chrysurus,1,7
108,Pomacentridae,Pomacentrus,chrysurus,Pomacentrus_chrysurus,1,7
108,Pomacentridae,Pomacentrus,chrysurus,Pomacentrus_chrysurus,1,7
108,Pomacentridae,Pomacentrus,chrysurus,Pomacentrus_chrysurus,1,7
108,Labridae,Thalassoma,jansenii,Thalassoma_jansenii,1,12
109,Pomacentridae,Pomacentrus,chrysurus,Pomacentrus_chrysurus,1,10
109,Pomacentridae,Pomacentrus,moluccensis,Pomacentrus_moluccensis,1,2
109,Labridae,Halichoeres,melanurus,Halichoeres_melanurus,1,11
110,Pomacentridae,Pomacentrus,moluccensis,Pomacentrus_moluccensis,1,2
110,Pomacentridae,Pomacentrus,moluccensis,Pomacentrus_moluccensis,1,4
110,Pomacentridae,Pomacentrus,chrysurus,Pomacentrus_chrysurus,1,8
110,Labridae,Halichoeres,melanurus,Halichoeres_melanurus,1,12
111,Pomacentridae,Pomacentrus,chrysurus,Pomacentrus_chrysurus,1,10
111,Pomacentridae,Pomacentrus,moluccensis,Pomacentrus_moluccensis,1,2
111,Pomacentridae,Pomacentrus,chrysurus,Pomacentrus_chrysurus,1,7
112,Pomacentridae,Pomacentrus,chrysurus,Pomacentrus_chrysurus,1,10
112,Pomacentridae,Pomacentrus,chrysurus,Pomacentrus_chrysurus,1,7
112,Pomacentridae,Pomacentrus,chrysurus,Pomacentrus_chrysurus,1,7
112,Labridae,Coris,batuensis,Coris_batuensis,1,10
112,Labridae,Halichoeres,melanurus,Halichoeres_melanurus,1,12
112,Pomacentridae,Pomacentrus,moluccensis,Pomacentrus_moluccensis,1,2
113,Pomacentridae,Pomacentrus,moluccensis,Pomacentrus_moluccensis,1,2
113,Pomacentridae,Pomacentrus,chrysurus,Pomacentrus_chrysurus,1,10
113,Pomacentridae,Pomacentrus,chrysurus,Pomacentrus_chrysurus,1,7
113,Labridae,Coris,batuensis,Coris_batuensis,1,10
113,Pseudochromidae,Pseudochromis,fuscus,Pseudochromis_fuscus,1,10
114,Pomacentridae,Pomacentrus,moluccensis,Pomacentrus_moluccensis,1,2
114,Labridae,Coris,batuensis,Coris_batuensis,1,10
114,Pomacentridae,Pomacentrus,chrysurus,Pomacentrus_chrysurus,1,7
114,Pomacentridae,Pomacentrus,chrysurus,Pomacentrus_chrysurus,1,7
114,Pomacentridae,Pomacentrus,chrysurus,Pomacentrus_chrysurus,1,10
115,Pomacentridae,Pomacentrus,chrysurus,Pomacentrus_chrysurus,1,10
115,Pomacentridae,Pomacentrus,chrysurus,Pomacentrus_chrysurus,1,7
115,Pomacentridae,Pomacentrus,chrysurus,Pomacentrus_chrysurus,1,7
115,Pomacentridae,Pomacentrus,chrysurus,Pomacentrus_chrysurus,1,7
115,Pomacentridae,Pomacentrus,moluccensis,Pomacentrus_moluccensis,1,2
115,Pomacentridae,Pomacentrus,moluccensis,Pomacentrus_moluccensis,1,4
116,Labridae,Coris,batuensis,Coris_batuensis,1,10
116,Pomacentridae,Pomacentrus,chrysurus,Pomacentrus_chrysurus,1,2
116,Pomacentridae,Pomacentrus,chrysurus,Pomacentrus_chrysurus,1,4
116,Pomacentridae,Pomacentrus,chrysurus,Pomacentrus_chrysurus,1,8
116,Pomacentridae,Pomacentrus,chrysurus,Pomacentrus_chrysurus,1,5
116,Pomacentridae,Pomacentrus,chrysurus,Pomacentrus_chrysurus,1,8
117,Pomacanthidae,Centropyge,vrolikii,Centropyge_vrolikii,1,10
117,Labridae,Coris,batuensis,Coris_batuensis,1,10
117,Pomacentridae,Pomacentrus,moluccensis,Pomacentrus_moluccensis,1,2
117,Pomacentridae,Pomacentrus,moluccensis,Pomacentrus_moluccensis,1,4
117,Pomacentridae,Pomacentrus,chrysurus,Pomacentrus_chrysurus,1,7
118,Pomacentridae,Pomacentrus,chrysurus,Pomacentrus_chrysurus,1,10
118,Pomacentridae,Pomacentrus,moluccensis,Pomacentrus_moluccensis,1,2
119,Pomacanthidae,Centropyge,vrolikii,Centropyge_vrolikii,1,10
119,Labridae,Coris,batuensis,Coris_batuensis,1,12
119,Pomacentridae,Pomacentrus,moluccensis,Pomacentrus_moluccensis,1,2
119,Pomacentridae,Pomacentrus,moluccensis,Pomacentrus_moluccensis,1,7
120,Pomacentridae,Pomacentrus,moluccensis,Pomacentrus_moluccensis,1,2
121,Pomacentridae,Pomacentrus,chrysurus,Pomacentrus_chrysurus,1,5
121,Labridae,Thalassoma,jansenii,Thalassoma_jansenii,1,12
122,Pomacentridae,Pomacentrus,chrysurus,Pomacentrus_chrysurus,1,8
122,Pomacentridae,Pomacentrus,moluccensis,Pomacentrus_moluccensis,1,2
123,Pomacentridae,Pomacentrus,chrysurus,Pomacentrus_chrysurus,1,8
123,Serranidae,Cephalopholis,cyanostigma,Cephalopholis_cyanostigma,1,15
123,Pomacentridae,Pomacentrus,moluccensis,Pomacentrus_moluccensis,1,2
123,Tetraodontidae,Canthigaster,valentini,Canthigaster_valentini,1,7
124,Pomacentridae,Pomacentrus,moluccensis,Pomacentrus_moluccensis,1,4
124,Pomacentridae,Pomacentrus,chrysurus,Pomacentrus_chrysurus,1,10
124,Labridae,Thalassoma,jansenii,Thalassoma_jansenii,1,15
125,Labridae,Thalassoma,jansenii,Thalassoma_jansenii,1,15
125,Tetraodontidae,Canthigaster,valentini,Canthigaster_valentini,1,9
125,Pomacentridae,Pomacentrus,chrysurus,Pomacentrus_chrysurus,1,10
125,Pomacentridae,Pomacentrus,chrysurus,Pomacentrus_chrysurus,1,7
126,Pomacentridae,Pomacentrus,chrysurus,Pomacentrus_chrysurus,1,10
126,Pomacentridae,Pomacentrus,chrysurus,Pomacentrus_chrysurus,1,7
126,Pomacentridae,Pomacentrus,chrysurus,Pomacentrus_chrysurus,1,7
126,Pomacentridae,Pomacentrus,chrysurus,Pomacentrus_chrysurus,1,5
126,Pomacentridae,Pomacentrus,moluccensis,Pomacentrus_moluccensis,1,4
127,Pomacentridae,Pomacentrus,moluccensis,Pomacentrus_moluccensis,1,4
127,Pomacentridae,Pomacentrus,chrysurus,Pomacentrus_chrysurus,1,10
127,Pomacentridae,Pomacentrus,chrysurus,Pomacentrus_chrysurus,1,7
128,Pomacentridae,Pomacentrus,chrysurus,Pomacentrus_chrysurus,1,10
128,Pomacentridae,Pomacentrus,chrysurus,Pomacentrus_chrysurus,1,6
129,Pomacentridae,Pomacentrus,chrysurus,Pomacentrus_chrysurus,1,10
129,Labridae,Cheilinus,chlorourus,Cheilinus_chlorourus,1,10
130,Pomacentridae,Pomacentrus,chrysurus,Pomacentrus_chrysurus,1,7
130,Pomacentridae,Pomacentrus,chrysurus,Pomacentrus_chrysurus,1,7
131,Pomacentridae,Pomacentrus,moluccensis,Pomacentrus_moluccensis,1,2
131,Pomacentridae,Pomacentrus,moluccensis,Pomacentrus_moluccensis,1,4
131,Pomacentridae,Pomacentrus,chrysurus,Pomacentrus_chrysurus,1,7
132,Pomacentridae,Pomacentrus,chrysurus,Pomacentrus_chrysurus,1,10
132,Pomacentridae,Pomacentrus,chrysurus,Pomacentrus_chrysurus,1,6
132,Pomacentridae,Pomacentrus,moluccensis,Pomacentrus_moluccensis,1,4
133,Pomacentridae,Pomacentrus,chrysurus,Pomacentrus_chrysurus,1,10
133,Pomacentridae,Pomacentrus,chrysurus,Pomacentrus_chrysurus,1,7
134,Pomacentridae,Pomacentrus,chrysurus,Pomacentrus_chrysurus,1,7
135,Labridae,Halichoeres,melanurus,Halichoeres_melanurus,1,12
135,Pomacentridae,Pomacentrus,chrysurus,Pomacentrus_chrysurus,1,8
135,Pomacentridae,Pomacentrus,chrysurus,Pomacentrus_chrysurus,1,8
135,Pseudochromidae,Pseudochromis,fuscus,Pseudochromis_fuscus,1,8
135,Labridae,Halichoeres,chrysus,Halichoeres_chrysus,1,6
136,Acanthuridae,Ctenochaetus,striatus,Ctenochaetus_striatus,1,23
136,Pomacentridae,Pomacentrus,moluccensis,Pomacentrus_moluccensis,1,2
136,Pomacentridae,Pomacentrus,chrysurus,Pomacentrus_chrysurus,1,10
136,Pseudochromidae,Pseudochromis,fuscus,Pseudochromis_fuscus,1,12
136,Labridae,Halichoeres,melanurus,Halichoeres_melanurus,1,12
137,Labridae,Halichoeres,melanurus,Halichoeres_melanurus,1,12
137,Pomacentridae,Pomacentrus,moluccensis,Pomacentrus_moluccensis,1,2
137,Pomacentridae,Pomacentrus,chrysurus,Pomacentrus_chrysurus,1,10
137,Pseudochromidae,Pseudochromis,fuscus,Pseudochromis_fuscus,1,12
137,Pomacentridae,Pomacentrus,chrysurus,Pomacentrus_chrysurus,1,6
137,Nemipteridae,Scolopsis,bilineata,Scolopsis_bilineata,1,20
138,Pomacentridae,Pomacentrus,chrysurus,Pomacentrus_chrysurus,1,10
138,Pseudochromidae,Pseudochromis,fuscus,Pseudochromis_fuscus,1,10
138,Pomacentridae,Pomacentrus,chrysurus,Pomacentrus_chrysurus,1,6
138,Pomacentridae,Pomacentrus,chrysurus,Pomacentrus_chrysurus,1,6
138,Nemipteridae,Scolopsis,bilineata,Scolopsis_bilineata,1,20
139,Nemipteridae,Scolopsis,bilineata,Scolopsis_bilineata,1,20
140,Pomacentridae,Pomacentrus,chrysurus,Pomacentrus_chrysurus,1,10
140,Pomacentridae,Pomacentrus,chrysurus,Pomacentrus_chrysurus,1,6
140,Pomacentridae,Pomacentrus,chrysurus,Pomacentrus_chrysurus,1,6
140,Pseudochromidae,Pseudochromis,fuscus,Pseudochromis_fuscus,1,9
140,Pomacentridae,Pomacentrus,moluccensis,Pomacentrus_moluccensis,1,4
140,Pomacanthidae,Centropyge,vrolikii,Centropyge_vrolikii,1,10
140,Labridae,Halichoeres,melanurus,Halichoeres_melanurus,1,10
140,Acanthuridae,Ctenochaetus,striatus,Ctenochaetus_striatus,1,20
141,Pseudochromidae,Pseudochromis,fuscus,Pseudochromis_fuscus,1,10
141,Pomacentridae,Pomacentrus,moluccensis,Pomacentrus_moluccensis,1,2
141,Pomacentridae,Pomacentrus,moluccensis,Pomacentrus_moluccensis,1,4
142,Pomacentridae,Pomacentrus,chrysurus,Pomacentrus_chrysurus,1,10
142,Pseudochromidae,Pseudochromis,fuscus,Pseudochromis_fuscus,1,12
143,Pomacentridae,Pomacentrus,chrysurus,Pomacentrus_chrysurus,1,10
143,Pomacentridae,Pomacentrus,chrysurus,Pomacentrus_chrysurus,1,7
143,Pomacentridae,Pomacentrus,moluccensis,Pomacentrus_moluccensis,1,2
144,Pomacentridae,Pomacentrus,moluccensis,Pomacentrus_moluccensis,1,2
144,Pomacentridae,Pomacentrus,moluccensis,Pomacentrus_moluccensis,1,4
144,Pomacentridae,Pomacentrus,chrysurus,Pomacentrus_chrysurus,1,10
145,Pomacentridae,Pomacentrus,chrysurus,Pomacentrus_chrysurus,1,8
145,Pomacentridae,Pomacentrus,moluccensis,Pomacentrus_moluccensis,1,2
145,Pomacentridae,Pomacentrus,moluccensis,Pomacentrus_moluccensis,1,4
145,Labridae,Halichoeres,melanurus,Halichoeres_melanurus,1,12
145,Pomacentridae,Pomacentrus,chrysurus,Pomacentrus_chrysurus,1,6
145,Pomacentridae,Pomacentrus,chrysurus,Pomacentrus_chrysurus,1,6
146,Pomacentridae,Pomacentrus,chrysurus,Pomacentrus_chrysurus,1,10
146,Pomacentridae,Pomacentrus,chrysurus,Pomacentrus_chrysurus,1,7
146,Pomacentridae,Pomacentrus,chrysurus,Pomacentrus_chrysurus,1,7
146,Pomacentridae,Pomacentrus,chrysurus,Pomacentrus_chrysurus,1,7
146,Labridae,Halichoeres,melanurus,Halichoeres_melanurus,1,12
146,Pomacentridae,Pomacentrus,moluccensis,Pomacentrus_moluccensis,1,4
146,Pomacentridae,Pomacentrus,moluccensis,Pomacentrus_moluccensis,1,2
146,Nemipteridae,Scolopsis,bilineata,Scolopsis_bilineata,1,16
147,Pomacentridae,Pomacentrus,moluccensis,Pomacentrus_moluccensis,1,2
147,Pseudochromidae,Pseudochromis,fuscus,Pseudochromis_fuscus,1,10
147,Pomacentridae,Pomacentrus,philippinus,Pomacentrus_philippinus,1,11
147,Pomacentridae,Pomacentrus,chrysurus,Pomacentrus_chrysurus,1,8
148,Pomacentridae,Pomacentrus,chrysurus,Pomacentrus_chrysurus,1,8
148,Pomacentridae,Pomacentrus,chrysurus,Pomacentrus_chrysurus,1,6
148,Pomacentridae,Pomacentrus,chrysurus,Pomacentrus_chrysurus,1,6
148,Pomacentridae,Pomacentrus,moluccensis,Pomacentrus_moluccensis,1,2
149,Pomacentridae,Pomacentrus,moluccensis,Pomacentrus_moluccensis,1,2
149,Pomacentridae,Pomacentrus,moluccensis,Pomacentrus_moluccensis,1,4
149,Labridae,Halichoeres,melanurus,Halichoeres_melanurus,1,12
149,Pomacentridae,Pomacentrus,chrysurus,Pomacentrus_chrysurus,1,6
149,Pomacentridae,Pomacentrus,chrysurus,Pomacentrus_chrysurus,1,6
149,Nemipteridae,Scolopsis,bilineata,Scolopsis_bilineata,1,12
150,Pomacentridae,Pomacentrus,moluccensis,Pomacentrus_moluccensis,1,2
150,Pomacentridae,Pomacentrus,chrysurus,Pomacentrus_chrysurus,1,8
150,Pomacentridae,Pomacentrus,chrysurus,Pomacentrus_chrysurus,1,6
150,Pomacentridae,Pomacentrus,chrysurus,Pomacentrus_chrysurus,1,6
151,Pomacentridae,Pomacentrus,chrysurus,Pomacentrus_chrysurus,1,6
151,Pomacentridae,Pomacentrus,chrysurus,Pomacentrus_chrysurus,1,8
151,Pomacentridae,Pomacentrus,chrysurus,Pomacentrus_chrysurus,1,5
152,Pomacentridae,Pomacentrus,chrysurus,Pomacentrus_chrysurus,1,8
152,Pomacentridae,Pomacentrus,chrysurus,Pomacentrus_chrysurus,1,6
152,Pomacentridae,Pomacentrus,moluccensis,Pomacentrus_moluccensis,1,5
153,Pomacentridae,Pomacentrus,chrysurus,Pomacentrus_chrysurus,1,6
153,Pomacentridae,Pomacentrus,chrysurus,Pomacentrus_chrysurus,1,6
153,Pomacentridae,Pomacentrus,moluccensis,Pomacentrus_moluccensis,1,4
154,Pomacentridae,Pomacentrus,moluccensis,Pomacentrus_moluccensis,1,5
154,Pomacentridae,Pomacentrus,chrysurus,Pomacentrus_chrysurus,1,8
154,Pomacentridae,Pomacentrus,chrysurus,Pomacentrus_chrysurus,1,2
155,Pomacentridae,Pomacentrus,chrysurus,Pomacentrus_chrysurus,1,7
155,Pomacentridae,Pomacentrus,chrysurus,Pomacentrus_chrysurus,1,8
155,Pomacentridae,Pomacentrus,chrysurus,Pomacentrus_chrysurus,1,5
155,Pomacentridae,Pomacentrus,chrysurus,Pomacentrus_chrysurus,1,3
155,Pomacentridae,Pomacentrus,moluccensis,Pomacentrus_moluccensis,1,2
155,Pseudochromidae,Pseudochromis,fuscus,Pseudochromis_fuscus,1,10
156,Pomacentridae,Pomacentrus,chrysurus,Pomacentrus_chrysurus,1,6
156,Pomacentridae,Pomacentrus,moluccensis,Pomacentrus_moluccensis,1,2
157,Pomacentridae,Pomacentrus,moluccensis,Pomacentrus_moluccensis,1,2
157,Pomacentridae,Pomacentrus,chrysurus,Pomacentrus_chrysurus,1,8
157,Pomacentridae,Pomacentrus,chrysurus,Pomacentrus_chrysurus,1,6
158,Pomacentridae,Pomacentrus,chrysurus,Pomacentrus_chrysurus,1,8
158,Pomacentridae,Pomacentrus,moluccensis,Pomacentrus_moluccensis,1,2
158,Pomacentridae,Pomacentrus,moluccensis,Pomacentrus_moluccensis,1,5
159,Pomacentridae,Pomacentrus,moluccensis,Pomacentrus_moluccensis,1,2
159,Labridae,Halichoeres,melanurus,Halichoeres_melanurus,1,10
159,Pomacentridae,Pomacentrus,chrysurus,Pomacentrus_chrysurus,1,8
159,Pomacentridae,Pomacentrus,chrysurus,Pomacentrus_chrysurus,1,8
159,Labridae,Oxycheilinus,digrammus,Oxycheilinus_digrammus,1,14
160,Pomacentridae,Pomacentrus,moluccensis,Pomacentrus_moluccensis,1,2
160,Pomacentridae,Pomacentrus,chrysurus,Pomacentrus_chrysurus,1,6
160,Labridae,Oxycheilinus,digrammus,Oxycheilinus_digrammus,1,15
161,Pomacentridae,Pomacentrus,chrysurus,Pomacentrus_chrysurus,1,6
161,Pomacentridae,Pomacentrus,moluccensis,Pomacentrus_moluccensis,1,2
162,Pomacentridae,Pomacentrus,moluccensis,Pomacentrus_moluccensis,1,2
162,Pomacentridae,Pomacentrus,moluccensis,Pomacentrus_moluccensis,1,5
162,Pomacentridae,Pomacentrus,chrysurus,Pomacentrus_chrysurus,1,8
162,Pomacentridae,Pomacentrus,chrysurus,Pomacentrus_chrysurus,1,6
163,Pomacentridae,Pomacentrus,moluccensis,Pomacentrus_moluccensis,1,2
163,Pomacentridae,Pomacentrus,chrysurus,Pomacentrus_chrysurus,1,2
164,Pomacentridae,Pomacentrus,chrysurus,Pomacentrus_chrysurus,1,8
164,Pomacentridae,Pomacentrus,moluccensis,Pomacentrus_moluccensis,1,2
165,Pomacentridae,Pomacentrus,chrysurus,Pomacentrus_chrysurus,1,8
165,Pomacentridae,Pomacentrus,chrysurus,Pomacentrus_chrysurus,1,6
165,Pomacentridae,Pomacentrus,moluccensis,Pomacentrus_moluccensis,1,2
165,Pomacentridae,Pomacentrus,moluccensis,Pomacentrus_moluccensis,1,4
166,Pomacentridae,Pomacentrus,chrysurus,Pomacentrus_chrysurus,1,6
166,Pomacentridae,Pomacentrus,chrysurus,Pomacentrus_chrysurus,1,4
166,Labridae,Oxycheilinus,digrammus,Oxycheilinus_digrammus,1,14
167,Labridae,Halichoeres,melanurus,Halichoeres_melanurus,1,12
167,Pomacentridae,Pomacentrus,chrysurus,Pomacentrus_chrysurus,1,8
167,Pomacentridae,Pomacentrus,chrysurus,Pomacentrus_chrysurus,1,8
167,Pomacentridae,Pomacentrus,chrysurus,Pomacentrus_chrysurus,1,6
167,Pomacentridae,Pomacentrus,moluccensis,Pomacentrus_moluccensis,1,2
168,Pomacentridae,Pomacentrus,moluccensis,Pomacentrus_moluccensis,1,2
168,Pomacentridae,Pomacentrus,chrysurus,Pomacentrus_chrysurus,1,6
168,Pomacentridae,Pomacentrus,chrysurus,Pomacentrus_chrysurus,1,8
168,Pomacentridae,Pomacentrus,chrysurus,Pomacentrus_chrysurus,1,6
168,Pomacentridae,Pomacentrus,chrysurus,Pomacentrus_chrysurus,1,6
168,Pomacentridae,Pomacentrus,chrysurus,Pomacentrus_chrysurus,1,6
169,Pomacentridae,Pomacentrus,chrysurus,Pomacentrus_chrysurus,1,8
169,Pomacentridae,Pomacentrus,chrysurus,Pomacentrus_chrysurus,1,5
169,Pomacentridae,Pomacentrus,chrysurus,Pomacentrus_chrysurus,1,6
169,Pomacentridae,Pomacentrus,chrysurus,Pomacentrus_chrysurus,1,6
169,Pomacentridae,Pomacentrus,moluccensis,Pomacentrus_moluccensis,1,2
170,Pomacentridae,Pomacentrus,moluccensis,Pomacentrus_moluccensis,1,2
170,Pomacentridae,Pomacentrus,moluccensis,Pomacentrus_moluccensis,1,5
170,Pomacentridae,Pomacentrus,chrysurus,Pomacentrus_chrysurus,1,8
170,Pomacentridae,Pomacentrus,chrysurus,Pomacentrus_chrysurus,1,6
170,Pomacentridae,Pomacentrus,chrysurus,Pomacentrus_chrysurus,1,6
170,Pomacentridae,Pomacentrus,chrysurus,Pomacentrus_chrysurus,1,6
170,Pomacentridae,Pomacentrus,chrysurus,Pomacentrus_chrysurus,1,6
171,Pomacentridae,Pomacentrus,moluccensis,Pomacentrus_moluccensis,1,2
171,Pomacentridae,Pomacentrus,chrysurus,Pomacentrus_chrysurus,1,8
171,Pomacentridae,Pomacentrus,chrysurus,Pomacentrus_chrysurus,1,6
172,Pomacentridae,Pomacentrus,chrysurus,Pomacentrus_chrysurus,1,8
172,Pomacentridae,Pomacentrus,moluccensis,Pomacentrus_moluccensis,1,2
173,Pomacentridae,Pomacentrus,moluccensis,Pomacentrus_moluccensis,1,2
173,Pomacentridae,Pomacentrus,chrysurus,Pomacentrus_chrysurus,1,8
173,Pomacentridae,Pomacentrus,chrysurus,Pomacentrus_chrysurus,1,6
174,Pomacentridae,Pomacentrus,chrysurus,Pomacentrus_chrysurus,1,8
174,Pomacentridae,Pomacentrus,chrysurus,Pomacentrus_chrysurus,1,6
174,Pomacentridae,Pomacentrus,moluccensis,Pomacentrus_moluccensis,1,2
175,Pomacentridae,Pomacentrus,moluccensis,Pomacentrus_moluccensis,1,2
175,Pomacentridae,Pomacentrus,chrysurus,Pomacentrus_chrysurus,1,6
176,Pomacentridae,Pomacentrus,chrysurus,Pomacentrus_chrysurus,1,6
176,Pomacentridae,Pomacentrus,chrysurus,Pomacentrus_chrysurus,1,8
176,Pomacentridae,Pomacentrus,chrysurus,Pomacentrus_chrysurus,1,6
176,Pomacentridae,Pomacentrus,moluccensis,Pomacentrus_moluccensis,1,5
177,Pomacentridae,Pomacentrus,chrysurus,Pomacentrus_chrysurus,1,8
177,Pomacentridae,Pomacentrus,chrysurus,Pomacentrus_chrysurus,1,6
177,Pomacentridae,Pomacentrus,chrysurus,Pomacentrus_chrysurus,1,2
177,Tetraodontidae,Canthigaster,valentini,Canthigaster_valentini,1,8
178,Pomacentridae,Pomacentrus,chrysurus,Pomacentrus_chrysurus,1,8
178,Pomacentridae,Pomacentrus,chrysurus,Pomacentrus_chrysurus,1,5
178,Pomacentridae,Pomacentrus,chrysurus,Pomacentrus_chrysurus,1,5
179,Pomacentridae,Pomacentrus,chrysurus,Pomacentrus_chrysurus,1,8
179,Tetraodontidae,Canthigaster,valentini,Canthigaster_valentini,1,8
179,Tetraodontidae,Canthigaster,valentini,Canthigaster_valentini,1,8
180,Tetraodontidae,Canthigaster,valentini,Canthigaster_valentini,1,8
180,Tetraodontidae,Canthigaster,valentini,Canthigaster_valentini,1,8
180,Pomacentridae,Pomacentrus,chrysurus,Pomacentrus_chrysurus,1,8
180,Pomacentridae,Pomacentrus,chrysurus,Pomacentrus_chrysurus,1,5
180,Pomacentridae,Pomacentrus,chrysurus,Pomacentrus_chrysurus,1,8
180,Nemipteridae,Scolopsis,bilineata,Scolopsis_bilineata,1,12
181,Pomacentridae,Pomacentrus,moluccensis,Pomacentrus_moluccensis,1,2
182,Pomacentridae,Pomacentrus,moluccensis,Pomacentrus_moluccensis,1,2
182,Pomacentridae,Pomacentrus,moluccensis,Pomacentrus_moluccensis,1,5
182,Pomacentridae,Pomacentrus,chrysurus,Pomacentrus_chrysurus,1,8
183,Pomacentridae,Pomacentrus,moluccensis,Pomacentrus_moluccensis,1,2
183,Pomacentridae,Pomacentrus,chrysurus,Pomacentrus_chrysurus,1,10
184,Labridae,Halichoeres,melanurus,Halichoeres_melanurus,1,10
184,Pomacentridae,Pomacentrus,moluccensis,Pomacentrus_moluccensis,1,2
185,Pomacentridae,Pomacentrus,moluccensis,Pomacentrus_moluccensis,1,2
185,Pomacentridae,Pomacentrus,chrysurus,Pomacentrus_chrysurus,1,7
186,Pomacentridae,Pomacentrus,chrysurus,Pomacentrus_chrysurus,1,7
186,Pomacentridae,Pomacentrus,chrysurus,Pomacentrus_chrysurus,1,10
186,Pomacentridae,Pomacentrus,chrysurus,Pomacentrus_chrysurus,1,7
186,Pomacentridae,Pomacentrus,chrysurus,Pomacentrus_chrysurus,1,7
186,Pomacentridae,Pomacentrus,moluccensis,Pomacentrus_moluccensis,1,2
187,Pomacentridae,Pomacentrus,moluccensis,Pomacentrus_moluccensis,1,2
187,Pomacentridae,Pomacentrus,moluccensis,Pomacentrus_moluccensis,1,5
187,Pomacentridae,Pomacentrus,chrysurus,Pomacentrus_chrysurus,1,10
187,Pomacentridae,Pomacentrus,chrysurus,Pomacentrus_chrysurus,1,7
187,Pomacentridae,Pomacentrus,chrysurus,Pomacentrus_chrysurus,1,7
188,Pomacentridae,Pomacentrus,chrysurus,Pomacentrus_chrysurus,1,7
188,Pomacentridae,Pomacentrus,moluccensis,Pomacentrus_moluccensis,1,2
189,Pomacentridae,Pomacentrus,moluccensis,Pomacentrus_moluccensis,1,2
189,Pomacentridae,Pomacentrus,moluccensis,Pomacentrus_moluccensis,1,5
189,Pomacentridae,Pomacentrus,chrysurus,Pomacentrus_chrysurus,1,6
189,Pomacentridae,Pomacentrus,chrysurus,Pomacentrus_chrysurus,1,6
190,Pomacentridae,Pomacentrus,moluccensis,Pomacentrus_moluccensis,1,2
190,Pomacentridae,Pomacentrus,chrysurus,Pomacentrus_chrysurus,1,8
190,Pomacentridae,Pomacentrus,chrysurus,Pomacentrus_chrysurus,1,6
191,Pomacentridae,Pomacentrus,chrysurus,Pomacentrus_chrysurus,1,10
191,Pomacentridae,Pomacentrus,philippinus,Pomacentrus_philippinus,1,10
191,Pomacentridae,Pomacentrus,moluccensis,Pomacentrus_moluccensis,1,2
192,Pomacentridae,Pomacentrus,moluccensis,Pomacentrus_moluccensis,1,2
192,Pomacentridae,Pomacentrus,chrysurus,Pomacentrus_chrysurus,1,6
193,Pomacentridae,Pomacentrus,chrysurus,Pomacentrus_chrysurus,1,7
193,Pomacentridae,Pomacentrus,moluccensis,Pomacentrus_moluccensis,1,2
193,Pomacentridae,Pomacentrus,moluccensis,Pomacentrus_moluccensis,1,5
194,Pomacentridae,Pomacentrus,moluccensis,Pomacentrus_moluccensis,1,2
194,Labridae,Thalassoma,jansenii,Thalassoma_jansenii,1,15
195,Labridae,Thalassoma,jansenii,Thalassoma_jansenii,1,15
195,Pomacentridae,Pomacentrus,chrysurus,Pomacentrus_chrysurus,1,10
196,Pomacentridae,Pomacentrus,chrysurus,Pomacentrus_chrysurus,1,8
196,Pomacentridae,Pomacentrus,moluccensis,Pomacentrus_moluccensis,1,2
197,Pomacentridae,Pomacentrus,chrysurus,Pomacentrus_chrysurus,1,10
197,Pomacentridae,Pomacentrus,chrysurus,Pomacentrus_chrysurus,1,7
197,Pomacentridae,Pomacentrus,moluccensis,Pomacentrus_moluccensis,1,5
198,Pomacentridae,Pomacentrus,chrysurus,Pomacentrus_chrysurus,1,8
199,Pomacentridae,Pomacentrus,chrysurus,Pomacentrus_chrysurus,1,8
199,Pomacentridae,Pomacentrus,chrysurus,Pomacentrus_chrysurus,1,8
199,Pomacentridae,Pomacentrus,chrysurus,Pomacentrus_chrysurus,1,8
199,Pomacentridae,Pomacentrus,moluccensis,Pomacentrus_moluccensis,1,2
200,Pomacentridae,Pomacentrus,moluccensis,Pomacentrus_moluccensis,1,2
200,Pomacentridae,Pomacentrus,chrysurus,Pomacentrus_chrysurus,1,7
200,Pomacentridae,Pomacentrus,chrysurus,Pomacentrus_chrysurus,1,7
200,Pomacentridae,Pomacentrus,chrysurus,Pomacentrus_chrysurus,1,7
200,Pomacentridae,Pomacentrus,chrysurus,Pomacentrus_chrysurus,1,7
201,Pomacentridae,Pomacentrus,chrysurus,Pomacentrus_chrysurus,1,7
201,Pomacentridae,Pomacentrus,chrysurus,Pomacentrus_chrysurus,1,7
201,Pomacentridae,Pomacentrus,moluccensis,Pomacentrus_moluccensis,1,2
202,Pomacentridae,Pomacentrus,chrysurus,Pomacentrus_chrysurus,1,5
202,Pomacentridae,Pomacentrus,chrysurus,Pomacentrus_chrysurus,1,8
203,Pomacentridae,Pomacentrus,chrysurus,Pomacentrus_chrysurus,1,10
203,Pomacentridae,Pomacentrus,chrysurus,Pomacentrus_chrysurus,1,7
203,Pomacentridae,Pomacentrus,chrysurus,Pomacentrus_chrysurus,1,7
203,Labridae,Stethojulis,bandanensis,Stethojulis_bandanensis,1,10
204,Pomacentridae,Pomacentrus,chrysurus,Pomacentrus_chrysurus,1,10
204,Pomacentridae,Pomacentrus,chrysurus,Pomacentrus_chrysurus,1,7
204,Pomacentridae,Pomacentrus,moluccensis,Pomacentrus_moluccensis,1,2
205,Pomacentridae,Pomacentrus,moluccensis,Pomacentrus_moluccensis,1,2
205,Labridae,Stethojulis,bandanensis,Stethojulis_bandanensis,1,12
205,Pomacentridae,Pomacentrus,chrysurus,Pomacentrus_chrysurus,1,10
205,Pomacentridae,Pomacentrus,chrysurus,Pomacentrus_chrysurus,1,7
206,Pomacentridae,Pomacentrus,chrysurus,Pomacentrus_chrysurus,1,7
206,Pomacentridae,Pomacentrus,moluccensis,Pomacentrus_moluccensis,1,2
207,Pomacentridae,Pomacentrus,moluccensis,Pomacentrus_moluccensis,1,2
207,Labridae,Stethojulis,bandanensis,Stethojulis_bandanensis,1,12
207,Pomacentridae,Pomacentrus,chrysurus,Pomacentrus_chrysurus,1,10
208,Pomacentridae,Pomacentrus,chrysurus,Pomacentrus_chrysurus,1,8
208,Pomacentridae,Pomacentrus,chrysurus,Pomacentrus_chrysurus,1,8
208,Pomacentridae,Pomacentrus,moluccensis,Pomacentrus_moluccensis,1,2
209,Pomacentridae,Pomacentrus,chrysurus,Pomacentrus_chrysurus,1,10
209,Pomacentridae,Pomacentrus,philippinus,Pomacentrus_philippinus,1,10
209,Pomacentridae,Pomacentrus,moluccensis,Pomacentrus_moluccensis,1,2
210,Pomacentridae,Pomacentrus,moluccensis,Pomacentrus_moluccensis,1,2
210,Pomacentridae,Pomacentrus,chrysurus,Pomacentrus_chrysurus,1,10
210,Pomacentridae,Pomacentrus,chrysurus,Pomacentrus_chrysurus,1,7
210,Pomacentridae,Pomacentrus,chrysurus,Pomacentrus_chrysurus,1,5
211,Pomacentridae,Pomacentrus,chrysurus,Pomacentrus_chrysurus,1,10
211,Labridae,Stethojulis,bandanensis,Stethojulis_bandanensis,1,11
211,Labridae,Halichoeres,melanurus,Halichoeres_melanurus,1,10
211,Pomacentridae,Pomacentrus,moluccensis,Pomacentrus_moluccensis,1,2
212,Pomacentridae,Pomacentrus,moluccensis,Pomacentrus_moluccensis,1,2
212,Pomacentridae,Pomacentrus,moluccensis,Pomacentrus_moluccensis,1,5
212,Pomacentridae,Pomacentrus,chrysurus,Pomacentrus_chrysurus,1,10
212,Pomacentridae,Pomacentrus,chrysurus,Pomacentrus_chrysurus,1,7
213,Pomacentridae,Pomacentrus,chrysurus,Pomacentrus_chrysurus,1,7
214,Pomacentridae,Pomacentrus,chrysurus,Pomacentrus_chrysurus,1,8
214,Labridae,Stethojulis,bandanensis,Stethojulis_bandanensis,1,12
214,Pomacentridae,Pomacentrus,chrysurus,Pomacentrus_chrysurus,1,6
215,Pomacentridae,Pomacentrus,chrysurus,Pomacentrus_chrysurus,1,10
215,Labridae,Stethojulis,bandanensis,Stethojulis_bandanensis,1,12
216,Labridae,Stethojulis,bandanensis,Stethojulis_bandanensis,1,12
216,Pomacentridae,Pomacentrus,chrysurus,Pomacentrus_chrysurus,1,10
216,Pseudochromidae,Pseudochromis,fuscus,Pseudochromis_fuscus,1,10
217,Pseudochromidae,Pseudochromis,fuscus,Pseudochromis_fuscus,1,10
217,Pomacentridae,Pomacentrus,moluccensis,Pomacentrus_moluccensis,1,2
217,Pomacentridae,Pomacentrus,chrysurus,Pomacentrus_chrysurus,1,7
217,Pomacentridae,Pomacentrus,chrysurus,Pomacentrus_chrysurus,1,7
218,Pomacentridae,Pomacentrus,chrysurus,Pomacentrus_chrysurus,1,10
218,Pomacentridae,Pomacentrus,chrysurus,Pomacentrus_chrysurus,1,7
218,Pomacentridae,Pomacentrus,moluccensis,Pomacentrus_moluccensis,1,2
219,Pomacentridae,Pomacentrus,moluccensis,Pomacentrus_moluccensis,1,2
219,Pomacentridae,Pomacentrus,chrysurus,Pomacentrus_chrysurus,1,10
219,Labridae,Stethojulis,bandanensis,Stethojulis_bandanensis,1,12
220,Pomacentridae,Pomacentrus,chrysurus,Pomacentrus_chrysurus,1,3
221,Pomacentridae,Pomacentrus,chrysurus,Pomacentrus_chrysurus,1,10
222,Pomacentridae,Pomacentrus,chrysurus,Pomacentrus_chrysurus,1,10
222,Pomacentridae,Pomacentrus,chrysurus,Pomacentrus_chrysurus,1,7
222,Pomacentridae,Pomacentrus,chrysurus,Pomacentrus_chrysurus,1,7
222,Pomacentridae,Pomacentrus,moluccensis,Pomacentrus_moluccensis,1,5
222,Labridae,Stethojulis,bandanensis,Stethojulis_bandanensis,1,10
223,Labridae,Stethojulis,bandanensis,Stethojulis_bandanensis,1,10
223,Pomacentridae,Pomacentrus,chrysurus,Pomacentrus_chrysurus,1,10
223,Pomacentridae,Pomacentrus,chrysurus,Pomacentrus_chrysurus,1,8
224,Pomacentridae,Pomacentrus,chrysurus,Pomacentrus_chrysurus,1,10
225,Pomacentridae,Pomacentrus,chrysurus,Pomacentrus_chrysurus,1,10
225,Pomacentridae,Pomacentrus,chrysurus,Pomacentrus_chrysurus,1,7
226,Pomacentridae,Pomacentrus,chrysurus,Pomacentrus_chrysurus,1,8
226,Pomacentridae,Pomacentrus,chrysurus,Pomacentrus_chrysurus,1,8
226,Pomacentridae,Pomacentrus,chrysurus,Pomacentrus_chrysurus,1,8
226,Pomacentridae,Pomacentrus,chrysurus,Pomacentrus_chrysurus,1,6
226,Pomacentridae,Pomacentrus,chrysurus,Pomacentrus_chrysurus,1,6
226,Pomacentridae,Pomacentrus,chrysurus,Pomacentrus_chrysurus,1,3
227,Pomacentridae,Pomacentrus,chrysurus,Pomacentrus_chrysurus,1,7
227,Pomacentridae,Pomacentrus,moluccensis,Pomacentrus_moluccensis,1,5
228,Pomacentridae,Pomacentrus,moluccensis,Pomacentrus_moluccensis,1,2
228,Pomacentridae,Pomacentrus,chrysurus,Pomacentrus_chrysurus,1,7
228,Pomacentridae,Pomacentrus,chrysurus,Pomacentrus_chrysurus,1,7
228,Pomacentridae,Pomacentrus,chrysurus,Pomacentrus_chrysurus,1,7
229,Pomacentridae,Pomacentrus,chrysurus,Pomacentrus_chrysurus,1,7
229,Pomacentridae,Pomacentrus,chrysurus,Pomacentrus_chrysurus,1,7
229,Labridae,Halichoeres,melanurus,Halichoeres_melanurus,1,12
230,Pomacentridae,Pomacentrus,chrysurus,Pomacentrus_chrysurus,1,7
230,Labridae,Halichoeres,melanurus,Halichoeres_melanurus,1,12
231,Pomacentridae,Pomacentrus,chrysurus,Pomacentrus_chrysurus,1,10
231,Pomacentridae,Pomacentrus,chrysurus,Pomacentrus_chrysurus,1,8
231,Labridae,Cheilinus,chlorourus,Cheilinus_chlorourus,1,10
232,Pomacentridae,Pomacentrus,chrysurus,Pomacentrus_chrysurus,1,5
232,Pomacentridae,Pomacentrus,moluccensis,Pomacentrus_moluccensis,1,2
233,Pomacentridae,Pomacentrus,moluccensis,Pomacentrus_moluccensis,1,5
233,Pomacentridae,Pomacentrus,chrysurus,Pomacentrus_chrysurus,1,10
233,Labridae,Cheilinus,chlorourus,Cheilinus_chlorourus,1,10
234,Pomacentridae,Pomacentrus,chrysurus,Pomacentrus_chrysurus,1,5
235,Labridae,Cheilinus,chlorourus,Cheilinus_chlorourus,1,5
235,Pomacentridae,Pomacentrus,moluccensis,Pomacentrus_moluccensis,1,2
235,Pomacentridae,Pomacentrus,chrysurus,Pomacentrus_chrysurus,1,7
235,Tetraodontidae,Canthigaster,valentini,Canthigaster_valentini,1,10
235,Tetraodontidae,Canthigaster,valentini,Canthigaster_valentini,1,10
235,Labridae,Thalassoma,jansenii,Thalassoma_jansenii,1,15
236,Tetraodontidae,Canthigaster,valentini,Canthigaster_valentini,1,10
236,Pomacentridae,Pomacentrus,moluccensis,Pomacentrus_moluccensis,1,2
236,Tetraodontidae,Canthigaster,valentini,Canthigaster_valentini,1,10
237,Tetraodontidae,Canthigaster,valentini,Canthigaster_valentini,1,10
237,Tetraodontidae,Canthigaster,valentini,Canthigaster_valentini,1,10
237,Pomacentridae,Pomacentrus,chrysurus,Pomacentrus_chrysurus,1,7
237,Labridae,Cheilinus,chlorourus,Cheilinus_chlorourus,1,8
238,Pomacentridae,Pomacentrus,moluccensis,Pomacentrus_moluccensis,1,2
238,Pomacentridae,Pomacentrus,chrysurus,Pomacentrus_chrysurus,1,6
238,Pomacentridae,Pomacentrus,chrysurus,Pomacentrus_chrysurus,1,6
238,Tetraodontidae,Canthigaster,valentini,Canthigaster_valentini,1,8
238,Tetraodontidae,Canthigaster,valentini,Canthigaster_valentini,1,8
238,Labridae,Cheilinus,chlorourus,Cheilinus_chlorourus,1,4
239,Labridae,Stethojulis,bandanensis,Stethojulis_bandanensis,1,12
239,Pomacentridae,Pomacentrus,moluccensis,Pomacentrus_moluccensis,1,2
239,Pomacentridae,Pomacentrus,chrysurus,Pomacentrus_chrysurus,1,8
239,Pomacentridae,Pomacentrus,chrysurus,Pomacentrus_chrysurus,1,5
239,Pomacentridae,Pomacentrus,chrysurus,Pomacentrus_chrysurus,1,7
240,Tetraodontidae,Canthigaster,valentini,Canthigaster_valentini,1,10
241,Tetraodontidae,Canthigaster,valentini,Canthigaster_valentini,1,10
241,Tetraodontidae,Canthigaster,valentini,Canthigaster_valentini,1,10
241,Pomacentridae,Pomacentrus,moluccensis,Pomacentrus_moluccensis,1,5
241,Pomacentridae,Pomacentrus,chrysurus,Pomacentrus_chrysurus,1,8
241,Pomacentridae,Pomacentrus,chrysurus,Pomacentrus_chrysurus,1,10
242,Pomacentridae,Pomacentrus,chrysurus,Pomacentrus_chrysurus,1,10
242,Pomacentridae,Pomacentrus,moluccensis,Pomacentrus_moluccensis,1,2
242,Pomacentridae,Pomacentrus,moluccensis,Pomacentrus_moluccensis,1,5
242,Pomacentridae,Pomacentrus,chrysurus,Pomacentrus_chrysurus,1,7
243,Tetraodontidae,Canthigaster,valentini,Canthigaster_valentini,1,10
243,Pomacentridae,Pomacentrus,chrysurus,Pomacentrus_chrysurus,1,10
243,Pomacentridae,Pomacentrus,chrysurus,Pomacentrus_chrysurus,1,8
244,Pomacentridae,Pomacentrus,chrysurus,Pomacentrus_chrysurus,1,6
244,Pomacentridae,Pomacentrus,chrysurus,Pomacentrus_chrysurus,1,6
244,Tetraodontidae,Canthigaster,valentini,Canthigaster_valentini,1,8
244,Tetraodontidae,Canthigaster,valentini,Canthigaster_valentini,1,8
245,Pomacentridae,Pomacentrus,chrysurus,Pomacentrus_chrysurus,1,8
245,Pomacentridae,Pomacentrus,chrysurus,Pomacentrus_chrysurus,1,6
246,Pomacentridae,Pomacentrus,chrysurus,Pomacentrus_chrysurus,1,10
246,Pomacentridae,Pomacentrus,moluccensis,Pomacentrus_moluccensis,1,2
246,Pomacentridae,Pomacentrus,chrysurus,Pomacentrus_chrysurus,1,6
246,Pomacentridae,Pomacentrus,chrysurus,Pomacentrus_chrysurus,1,4
247,Pomacentridae,Pomacentrus,chrysurus,Pomacentrus_chrysurus,1,7
247,Pomacentridae,Pomacentrus,chrysurus,Pomacentrus_chrysurus,1,7
247,Pomacentridae,Pomacentrus,moluccensis,Pomacentrus_moluccensis,1,6
248,Pomacentridae,Pomacentrus,chrysurus,Pomacentrus_chrysurus,1,7
248,Pomacentridae,Pomacentrus,chrysurus,Pomacentrus_chrysurus,1,5
248,Scaridae,Scarus,schlegeli,Scarus_schlegeli,1,18
249,Labridae,Stethojulis,bandanensis,Stethojulis_bandanensis,1,12
249,Pomacentridae,Pomacentrus,chrysurus,Pomacentrus_chrysurus,1,8
249,Pomacentridae,Pomacentrus,moluccensis,Pomacentrus_moluccensis,1,2
249,Pomacentridae,Pomacentrus,moluccensis,Pomacentrus_moluccensis,1,5
250,Scaridae,Chlorurus,sordidus,Chlorurus_sordidus,1,16
250,Pomacentridae,Pomacentrus,chrysurus,Pomacentrus_chrysurus,1,10
250,Pomacentridae,Pomacentrus,moluccensis,Pomacentrus_moluccensis,1,2
250,Pomacentridae,Pomacentrus,chrysurus,Pomacentrus_chrysurus,1,7
251,Pomacentridae,Pomacentrus,chrysurus,Pomacentrus_chrysurus,1,8
251,Pomacentridae,Pomacentrus,moluccensis,Pomacentrus_moluccensis,1,2
251,Pomacentridae,Pomacentrus,chrysurus,Pomacentrus_chrysurus,1,8
252,Pomacentridae,Pomacentrus,chrysurus,Pomacentrus_chrysurus,1,4
252,Pomacentridae,Pomacentrus,chrysurus,Pomacentrus_chrysurus,1,8
252,Pomacentridae,Pomacentrus,chrysurus,Pomacentrus_chrysurus,1,7
252,Pomacentridae,Pomacentrus,chrysurus,Pomacentrus_chrysurus,1,7
253,Pomacentridae,Pomacentrus,chrysurus,Pomacentrus_chrysurus,1,7
253,Pomacentridae,Pomacentrus,chrysurus,Pomacentrus_chrysurus,1,7
253,Pomacentridae,Pomacentrus,chrysurus,Pomacentrus_chrysurus,1,7
253,Pomacentridae,Pomacentrus,chrysurus,Pomacentrus_chrysurus,1,4
253,Pomacentridae,Pomacentrus,moluccensis,Pomacentrus_moluccensis,1,5
254,Pomacentridae,Pomacentrus,moluccensis,Pomacentrus_moluccensis,1,2
254,Pomacentridae,Pomacentrus,chrysurus,Pomacentrus_chrysurus,1,6
255,Pomacentridae,Pomacentrus,chrysurus,Pomacentrus_chrysurus,1,8
255,Pomacentridae,Pomacentrus,chrysurus,Pomacentrus_chrysurus,1,8
255,Pomacentridae,Pomacentrus,chrysurus,Pomacentrus_chrysurus,1,4
256,Pomacentridae,Pomacentrus,chrysurus,Pomacentrus_chrysurus,1,7
257,Pomacentridae,Pomacentrus,chrysurus,Pomacentrus_chrysurus,1,8
257,Pomacentridae,Pomacentrus,chrysurus,Pomacentrus_chrysurus,1,6
257,Pomacentridae,Pomacentrus,moluccensis,Pomacentrus_moluccensis,1,2
258,Pomacentridae,Pomacentrus,chrysurus,Pomacentrus_chrysurus,1,10
258,Pomacentridae,Pomacentrus,chrysurus,Pomacentrus_chrysurus,1,8
259,Pomacentridae,Pomacentrus,chrysurus,Pomacentrus_chrysurus,1,10
259,Pomacentridae,Pomacentrus,moluccensis,Pomacentrus_moluccensis,1,5
260,Pomacentridae,Pomacentrus,moluccensis,Pomacentrus_moluccensis,1,5
260,Pomacentridae,Pomacentrus,moluccensis,Pomacentrus_moluccensis,1,2
260,Pomacentridae,Pomacentrus,chrysurus,Pomacentrus_chrysurus,1,10
261,Pomacentridae,Pomacentrus,chrysurus,Pomacentrus_chrysurus,1,10
261,Pomacentridae,Pomacentrus,chrysurus,Pomacentrus_chrysurus,1,4
261,Pomacentridae,Pomacentrus,moluccensis,Pomacentrus_moluccensis,1,5
262,Pomacentridae,Pomacentrus,moluccensis,Pomacentrus_moluccensis,1,5
262,Pomacentridae,Pomacentrus,moluccensis,Pomacentrus_moluccensis,1,2
262,Pomacentridae,Pomacentrus,chrysurus,Pomacentrus_chrysurus,1,8
262,Labridae,Oxycheilinus,digrammus,Oxycheilinus_digrammus,1,15
262,Labridae,Macropharyngodon,meleagris,Macropharyngodon_meleagris,1,12
263,Pomacentridae,Pomacentrus,moluccensis,Pomacentrus_moluccensis,1,2
263,Pomacentridae,Pomacentrus,chrysurus,Pomacentrus_chrysurus,1,8
263,Labridae,Oxycheilinus,digrammus,Oxycheilinus_digrammus,1,16
264,Pomacentridae,Pomacentrus,chrysurus,Pomacentrus_chrysurus,1,10
264,Pomacentridae,Pomacentrus,chrysurus,Pomacentrus_chrysurus,1,7
264,Pomacentridae,Pomacentrus,moluccensis,Pomacentrus_moluccensis,1,2
264,Pomacentridae,Pomacentrus,moluccensis,Pomacentrus_moluccensis,1,5
265,Pomacentridae,Pomacentrus,chrysurus,Pomacentrus_chrysurus,1,7
266,Pomacentridae,Pomacentrus,chrysurus,Pomacentrus_chrysurus,1,7
267,Pomacentridae,Pomacentrus,chrysurus,Pomacentrus_chrysurus,1,7
267,Pomacentridae,Pomacentrus,chrysurus,Pomacentrus_chrysurus,1,7
267,Pomacentridae,Pomacentrus,moluccensis,Pomacentrus_moluccensis,1,2
268,Pomacentridae,Pomacentrus,moluccensis,Pomacentrus_moluccensis,1,2
268,Pomacentridae,Pomacentrus,chrysurus,Pomacentrus_chrysurus,1,9
269,Pomacentridae,Pomacentrus,chrysurus,Pomacentrus_chrysurus,1,8
270,Pomacentridae,Pomacentrus,moluccensis,Pomacentrus_moluccensis,1,2
271,Pomacentridae,Pomacentrus,moluccensis,Pomacentrus_moluccensis,1,2
271,Pomacentridae,Pomacentrus,moluccensis,Pomacentrus_moluccensis,1,5
271,Pomacentridae,Pomacentrus,chrysurus,Pomacentrus_chrysurus,1,10
271,Pseudochromidae,Pseudochromis,fuscus,Pseudochromis_fuscus,1,12
272,Pomacentridae,Pomacentrus,moluccensis,Pomacentrus_moluccensis,1,2
272,Pomacentridae,Pomacentrus,chrysurus,Pomacentrus_chrysurus,1,10
272,Pomacentridae,Pomacentrus,chrysurus,Pomacentrus_chrysurus,1,7
272,Pomacentridae,Pomacentrus,chrysurus,Pomacentrus_chrysurus,1,7
272,Pseudochromidae,Pseudochromis,fuscus,Pseudochromis_fuscus,1,10
273,Pomacentridae,Pomacentrus,moluccensis,Pomacentrus_moluccensis,1,2
273,Pomacentridae,Pomacentrus,moluccensis,Pomacentrus_moluccensis,1,5
273,Pomacentridae,Pomacentrus,chrysurus,Pomacentrus_chrysurus,1,10
274,Pomacentridae,Pomacentrus,chrysurus,Pomacentrus_chrysurus,1,8
274,Pomacentridae,Pomacentrus,moluccensis,Pomacentrus_moluccensis,1,2
274,Pomacentridae,Pomacentrus,moluccensis,Pomacentrus_moluccensis,1,5
274,Pomacentridae,Pomacentrus,chrysurus,Pomacentrus_chrysurus,1,7
275,Pomacanthidae,Centropyge,vrolikii,Centropyge_vrolikii,1,12
275,Pomacentridae,Pomacentrus,chrysurus,Pomacentrus_chrysurus,1,8
276,Pomacentridae,Pomacentrus,moluccensis,Pomacentrus_moluccensis,1,5
276,Pomacentridae,Pomacentrus,chrysurus,Pomacentrus_chrysurus,1,8
276,Labridae,Thalassoma,jansenii,Thalassoma_jansenii,1,14
277,Pomacentridae,Pomacentrus,moluccensis,Pomacentrus_moluccensis,1,2
277,Pomacentridae,Pomacentrus,moluccensis,Pomacentrus_moluccensis,1,5
277,Pomacentridae,Pomacentrus,chrysurus,Pomacentrus_chrysurus,1,7
277,Scaridae,Chlorurus,sordidus,Chlorurus_sordidus,1,18
278,Pomacentridae,Pomacentrus,chrysurus,Pomacentrus_chrysurus,1,10
278,Pomacentridae,Pomacentrus,chrysurus,Pomacentrus_chrysurus,1,7
278,Pomacentridae,Pomacentrus,chrysurus,Pomacentrus_chrysurus,1,7
278,Pomacentridae,Pomacentrus,chrysurus,Pomacentrus_chrysurus,1,7
278,Pomacentridae,Pomacentrus,moluccensis,Pomacentrus_moluccensis,1,2
279,Pomacentridae,Pomacentrus,moluccensis,Pomacentrus_moluccensis,1,2
279,Pomacentridae,Pomacentrus,chrysurus,Pomacentrus_chrysurus,1,10
279,Pseudochromidae,Pseudochromis,fuscus,Pseudochromis_fuscus,1,10
279,Pomacentridae,Pomacentrus,chrysurus,Pomacentrus_chrysurus,1,7
279,Pomacentridae,Pomacentrus,chrysurus,Pomacentrus_chrysurus,1,7
279,Pomacentridae,Pomacentrus,chrysurus,Pomacentrus_chrysurus,1,7
280,Pomacentridae,Pomacentrus,moluccensis,Pomacentrus_moluccensis,1,2
280,Pomacentridae,Pomacentrus,chrysurus,Pomacentrus_chrysurus,1,10
280,Pomacentridae,Pomacentrus,chrysurus,Pomacentrus_chrysurus,1,8
280,Pomacentridae,Pomacentrus,chrysurus,Pomacentrus_chrysurus,1,8
280,Acanthuridae,Ctenochaetus,striatus,Ctenochaetus_striatus,1,18
280,Pomacentridae,Pomacentrus,chrysurus,Pomacentrus_chrysurus,1,8
281,Pomacentridae,Pomacentrus,chrysurus,Pomacentrus_chrysurus,1,8
281,Pomacentridae,Pomacentrus,moluccensis,Pomacentrus_moluccensis,1,2
281,Pomacentridae,Pomacentrus,moluccensis,Pomacentrus_moluccensis,1,4
281,Pomacentridae,Pomacentrus,chrysurus,Pomacentrus_chrysurus,1,6
282,Pomacentridae,Pomacentrus,chrysurus,Pomacentrus_chrysurus,1,8
283,Pomacentridae,Pomacentrus,moluccensis,Pomacentrus_moluccensis,1,2
283,Pomacentridae,Pomacentrus,chrysurus,Pomacentrus_chrysurus,1,7
284,Pomacentridae,Pomacentrus,chrysurus,Pomacentrus_chrysurus,1,10
284,Pomacentridae,Pomacentrus,chrysurus,Pomacentrus_chrysurus,1,8
284,Pomacentridae,Pomacentrus,chrysurus,Pomacentrus_chrysurus,1,8
284,Pomacanthidae,Centropyge,vrolikii,Centropyge_vrolikii,1,12
285,Pomacanthidae,Centropyge,vrolikii,Centropyge_vrolikii,1,12
285,Pomacentridae,Pomacentrus,chrysurus,Pomacentrus_chrysurus,1,10
285,Pomacentridae,Pomacentrus,chrysurus,Pomacentrus_chrysurus,1,7
285,Pomacanthidae,Centropyge,vrolikii,Centropyge_vrolikii,1,10
285,Pomacentridae,Pomacentrus,moluccensis,Pomacentrus_moluccensis,1,2
285,Pomacentridae,Pomacentrus,moluccensis,Pomacentrus_moluccensis,1,5
286,Pomacanthidae,Centropyge,vrolikii,Centropyge_vrolikii,1,12
286,Pomacanthidae,Centropyge,vrolikii,Centropyge_vrolikii,1,10
286,Pomacentridae,Pomacentrus,chrysurus,Pomacentrus_chrysurus,1,10
286,Pomacentridae,Pomacentrus,chrysurus,Pomacentrus_chrysurus,1,7
287,Pomacentridae,Pomacentrus,chrysurus,Pomacentrus_chrysurus,1,8
287,Pomacentridae,Pomacentrus,moluccensis,Pomacentrus_moluccensis,1,2
287,Pomacentridae,Pomacentrus,moluccensis,Pomacentrus_moluccensis,1,4
288,Pseudochromidae,Pseudochromis,fuscus,Pseudochromis_fuscus,1,12
288,Pomacentridae,Pomacentrus,chrysurus,Pomacentrus_chrysurus,1,10
288,Pomacentridae,Pomacentrus,chrysurus,Pomacentrus_chrysurus,1,8
289,Pomacentridae,Pomacentrus,chrysurus,Pomacentrus_chrysurus,1,10
289,Pomacentridae,Pomacentrus,moluccensis,Pomacentrus_moluccensis,1,2
289,Pomacentridae,Pomacentrus,chrysurus,Pomacentrus_chrysurus,1,7
290,Pomacentridae,Pomacentrus,moluccensis,Pomacentrus_moluccensis,1,2
290,Pomacentridae,Pomacentrus,moluccensis,Pomacentrus_moluccensis,1,5
290,Labridae,Thalassoma,jansenii,Thalassoma_jansenii,1,16
291,Pomacentridae,Pomacentrus,moluccensis,Pomacentrus_moluccensis,1,2
291,Labridae,Thalassoma,jansenii,Thalassoma_jansenii,1,14
291,Pomacentridae,Pomacentrus,chrysurus,Pomacentrus_chrysurus,1,5
291,Pomacentridae,Pomacentrus,chrysurus,Pomacentrus_chrysurus,1,8
292,Pomacentridae,Pomacentrus,chrysurus,Pomacentrus_chrysurus,1,8
292,Pomacentridae,Pomacentrus,chrysurus,Pomacentrus_chrysurus,1,10
292,Pomacentridae,Pomacentrus,moluccensis,Pomacentrus_moluccensis,1,5
292,Labridae,Thalassoma,jansenii,Thalassoma_jansenii,1,14
293,Pomacentridae,Pomacentrus,moluccensis,Pomacentrus_moluccensis,1,2
293,Pomacentridae,Pomacentrus,chrysurus,Pomacentrus_chrysurus,1,6
294,Pomacentridae,Pomacentrus,moluccensis,Pomacentrus_moluccensis,1,2
294,Pomacentridae,Pomacentrus,moluccensis,Pomacentrus_moluccensis,1,5
294,Pomacentridae,Pomacentrus,chrysurus,Pomacentrus_chrysurus,1,7
295,Pomacentridae,Pomacentrus,chrysurus,Pomacentrus_chrysurus,1,5
295,Pomacentridae,Pomacentrus,moluccensis,Pomacentrus_moluccensis,1,2
296,Pomacentridae,Pomacentrus,moluccensis,Pomacentrus_moluccensis,1,2
296,Pomacentridae,Pomacentrus,moluccensis,Pomacentrus_moluccensis,1,5
296,Pomacentridae,Pomacentrus,chrysurus,Pomacentrus_chrysurus,1,10
296,Pomacentridae,Pomacentrus,chrysurus,Pomacentrus_chrysurus,1,4
296,Pomacentridae,Pomacentrus,chrysurus,Pomacentrus_chrysurus,1,7
296,Pomacentridae,Pomacentrus,chrysurus,Pomacentrus_chrysurus,1,7
296,Pomacentridae,Pomacentrus,chrysurus,Pomacentrus_chrysurus,1,7
296,Labridae,Halichoeres,melanurus,Halichoeres_melanurus,1,12
297,Pomacentridae,Pomacentrus,moluccensis,Pomacentrus_moluccensis,1,2
297,Pomacentridae,Pomacentrus,chrysurus,Pomacentrus_chrysurus,1,10
297,Pomacentridae,Pomacentrus,chrysurus,Pomacentrus_chrysurus,1,10
297,Pomacentridae,Pomacentrus,chrysurus,Pomacentrus_chrysurus,1,8
297,Pomacentridae,Pomacentrus,chrysurus,Pomacentrus_chrysurus,1,5
298,Pomacentridae,Pomacentrus,chrysurus,Pomacentrus_chrysurus,1,8
298,Pomacentridae,Pomacentrus,chrysurus,Pomacentrus_chrysurus,1,8
298,Pomacentridae,Pomacentrus,chrysurus,Pomacentrus_chrysurus,1,6
298,Pomacentridae,Pomacentrus,moluccensis,Pomacentrus_moluccensis,1,2
298,Pomacentridae,Pomacentrus,moluccensis,Pomacentrus_moluccensis,1,5
298,Labridae,Halichoeres,melanurus,Halichoeres_melanurus,1,10
299,Pomacentridae,Pomacentrus,chrysurus,Pomacentrus_chrysurus,1,6
299,Pomacentridae,Pomacentrus,moluccensis,Pomacentrus_moluccensis,1,2
299,Labridae,Halichoeres,melanurus,Halichoeres_melanurus,1,12
299,Pomacentridae,Pomacentrus,chrysurus,Pomacentrus_chrysurus,1,8
300,Pomacentridae,Pomacentrus,moluccensis,Pomacentrus_moluccensis,1,5
300,Pomacentridae,Pomacentrus,chrysurus,Pomacentrus_chrysurus,1,10
300,Pomacentridae,Pomacentrus,chrysurus,Pomacentrus_chrysurus,1,7
300,Pomacentridae,Pomacentrus,chrysurus,Pomacentrus_chrysurus,1,7
300,Pomacentridae,Pomacentrus,chrysurus,Pomacentrus_chrysurus,1,7
301,Pomacentridae,Pomacentrus,chrysurus,Pomacentrus_chrysurus,1,10
301,Pomacentridae,Pomacentrus,chrysurus,Pomacentrus_chrysurus,1,8
301,Pomacentridae,Pomacentrus,chrysurus,Pomacentrus_chrysurus,1,7
301,Labridae,Stethojulis,bandanensis,Stethojulis_bandanensis,1,10
302,Pomacentridae,Pomacentrus,chrysurus,Pomacentrus_chrysurus,1,10
302,Pomacentridae,Pomacentrus,chrysurus,Pomacentrus_chrysurus,1,7
302,Pomacentridae,Pomacentrus,chrysurus,Pomacentrus_chrysurus,1,7
302,Pomacentridae,Pomacentrus,chrysurus,Pomacentrus_chrysurus,1,4
302,Pomacentridae,Pomacentrus,moluccensis,Pomacentrus_moluccensis,1,2
303,Pomacentridae,Pomacentrus,moluccensis,Pomacentrus_moluccensis,1,2
303,Pomacentridae,Pomacentrus,chrysurus,Pomacentrus_chrysurus,1,7
303,Pomacentridae,Pomacentrus,chrysurus,Pomacentrus_chrysurus,1,7
303,Labridae,Halichoeres,melanurus,Halichoeres_melanurus,1,10
304,Pomacentridae,Pomacentrus,chrysurus,Pomacentrus_chrysurus,1,10
304,Pomacentridae,Pomacentrus,chrysurus,Pomacentrus_chrysurus,1,8
304,Pomacentridae,Pomacentrus,moluccensis,Pomacentrus_moluccensis,1,2
304,Pomacentridae,Pomacentrus,moluccensis,Pomacentrus_moluccensis,1,5
304,Pomacentridae,Pomacentrus,chrysurus,Pomacentrus_chrysurus,1,7
305,Pomacentridae,Pomacentrus,chrysurus,Pomacentrus_chrysurus,1,8
305,Pomacentridae,Pomacentrus,moluccensis,Pomacentrus_moluccensis,1,2
306,Pomacentridae,Pomacentrus,chrysurus,Pomacentrus_chrysurus,1,8
306,Pomacentridae,Pomacentrus,chrysurus,Pomacentrus_chrysurus,1,3
306,Pomacentridae,Pomacentrus,moluccensis,Pomacentrus_moluccensis,1,2
306,Pomacentridae,Pomacentrus,moluccensis,Pomacentrus_moluccensis,1,4
306,Labridae,Coris,batuensis,Coris_batuensis,1,10
306,Labridae,Coris,batuensis,Coris_batuensis,1,10
307,Pomacentridae,Pomacentrus,chrysurus,Pomacentrus_chrysurus,1,10
307,Labridae,Thalassoma,jansenii,Thalassoma_jansenii,1,14
307,Pomacentridae,Pomacentrus,chrysurus,Pomacentrus_chrysurus,1,7
307,Labridae,Coris,batuensis,Coris_batuensis,1,10
307,Labridae,Coris,batuensis,Coris_batuensis,1,10
307,Pomacentridae,Pomacentrus,philippinus,Pomacentrus_philippinus,1,10
308,Pomacentridae,Pomacentrus,moluccensis,Pomacentrus_moluccensis,1,2
308,Pomacentridae,Pomacentrus,chrysurus,Pomacentrus_chrysurus,1,10
308,Pomacentridae,Pomacentrus,chrysurus,Pomacentrus_chrysurus,1,7
308,Labridae,Coris,batuensis,Coris_batuensis,1,10
308,Labridae,Coris,batuensis,Coris_batuensis,1,10
309,Pomacentridae,Pomacentrus,moluccensis,Pomacentrus_moluccensis,1,5
309,Pomacentridae,Pomacentrus,moluccensis,Pomacentrus_moluccensis,1,2
309,Labridae,Coris,batuensis,Coris_batuensis,1,12
309,Pomacentridae,Pomacentrus,chrysurus,Pomacentrus_chrysurus,1,6
310,Labridae,Coris,batuensis,Coris_batuensis,1,14
310,Pomacentridae,Pomacentrus,moluccensis,Pomacentrus_moluccensis,1,2
310,Pomacentridae,Pomacentrus,moluccensis,Pomacentrus_moluccensis,1,5
310,Pomacentridae,Pomacentrus,chrysurus,Pomacentrus_chrysurus,1,10
310,Pomacentridae,Pomacentrus,chrysurus,Pomacentrus_chrysurus,1,8
311,Pomacentridae,Pomacentrus,chrysurus,Pomacentrus_chrysurus,1,8
311,Pomacentridae,Pomacentrus,moluccensis,Pomacentrus_moluccensis,1,2
312,Pomacentridae,Pomacentrus,moluccensis,Pomacentrus_moluccensis,1,2
312,Pomacentridae,Pomacentrus,moluccensis,Pomacentrus_moluccensis,1,4
312,Pomacentridae,Pomacentrus,chrysurus,Pomacentrus_chrysurus,1,6
313,Pomacentridae,Pomacentrus,moluccensis,Pomacentrus_moluccensis,1,2
313,Pomacentridae,Pomacentrus,moluccensis,Pomacentrus_moluccensis,1,5
313,Pomacentridae,Pomacentrus,chrysurus,Pomacentrus_chrysurus,1,10
313,Pomacentridae,Pomacentrus,chrysurus,Pomacentrus_chrysurus,1,7
314,Pomacentridae,Pomacentrus,moluccensis,Pomacentrus_moluccensis,1,2
315,Labridae,Halichoeres,marginatus,Halichoeres_marginatus,1,14
315,Pomacentridae,Pomacentrus,chrysurus,Pomacentrus_chrysurus,1,10
315,Pomacentridae,Pomacentrus,chrysurus,Pomacentrus_chrysurus,1,4
315,Pomacentridae,Pomacentrus,moluccensis,Pomacentrus_moluccensis,1,2
316,Pomacentridae,Pomacentrus,moluccensis,Pomacentrus_moluccensis,1,2
316,Pomacentridae,Pomacentrus,chrysurus,Pomacentrus_chrysurus,1,10
316,Pomacentridae,Pomacentrus,chrysurus,Pomacentrus_chrysurus,1,7
316,Labridae,Halichoeres,marginatus,Halichoeres_marginatus,1,13
316,Pomacentridae,Pomacentrus,chrysurus,Pomacentrus_chrysurus,1,6
316,Labridae,Halichoeres,hortulanus,Halichoeres_hortulanus,1,12
317,Pomacentridae,Pomacentrus,chrysurus,Pomacentrus_chrysurus,1,10
317,Pomacentridae,Pomacentrus,chrysurus,Pomacentrus_chrysurus,1,7
317,Pomacentridae,Pomacentrus,chrysurus,Pomacentrus_chrysurus,1,7
317,Labridae,Halichoeres,marginatus,Halichoeres_marginatus,1,12
318,Pomacentridae,Pomacentrus,chrysurus,Pomacentrus_chrysurus,1,8
318,Pomacentridae,Pomacentrus,chrysurus,Pomacentrus_chrysurus,1,6
318,Labridae,Halichoeres,marginatus,Halichoeres_marginatus,1,12
318,Labridae,Stethojulis,bandanensis,Stethojulis_bandanensis,1,10
318,Pomacentridae,Pomacentrus,moluccensis,Pomacentrus_moluccensis,1,2
318,Pomacentridae,Pomacentrus,moluccensis,Pomacentrus_moluccensis,1,4
319,Labridae,Halichoeres,marginatus,Halichoeres_marginatus,1,12
319,Pomacentridae,Pomacentrus,chrysurus,Pomacentrus_chrysurus,1,10
319,Pomacentridae,Pomacentrus,chrysurus,Pomacentrus_chrysurus,1,7
319,Pomacentridae,Pomacentrus,chrysurus,Pomacentrus_chrysurus,1,7
319,Labridae,Stethojulis,bandanensis,Stethojulis_bandanensis,1,10
319,Labridae,Thalassoma,jansenii,Thalassoma_jansenii,1,14
320,Pomacentridae,Pomacentrus,moluccensis,Pomacentrus_moluccensis,1,2
320,Pomacentridae,Pomacentrus,chrysurus,Pomacentrus_chrysurus,1,10
320,Pomacentridae,Pomacentrus,chrysurus,Pomacentrus_chrysurus,1,8
320,Pomacanthidae,Centropyge,vrolikii,Centropyge_vrolikii,1,10
321,Pomacentridae,Pomacentrus,moluccensis,Pomacentrus_moluccensis,1,5
322,Pomacentridae,Pomacentrus,moluccensis,Pomacentrus_moluccensis,1,2
322,Pomacentridae,Pomacentrus,chrysurus,Pomacentrus_chrysurus,1,8
322,Pomacentridae,Pomacentrus,chrysurus,Pomacentrus_chrysurus,1,8
323,Pomacentridae,Pomacentrus,chrysurus,Pomacentrus_chrysurus,1,8
324,Pomacentridae,Pomacentrus,chrysurus,Pomacentrus_chrysurus,1,8
324,Pomacentridae,Pomacentrus,chrysurus,Pomacentrus_chrysurus,1,4
325,Pomacentridae,Pomacentrus,chrysurus,Pomacentrus_chrysurus,1,10
325,Pomacentridae,Pomacentrus,chrysurus,Pomacentrus_chrysurus,1,8
325,Pomacentridae,Pomacentrus,moluccensis,Pomacentrus_moluccensis,1,2
326,Pomacentridae,Pomacentrus,chrysurus,Pomacentrus_chrysurus,1,10
327,Pomacentridae,Pomacentrus,chrysurus,Pomacentrus_chrysurus,1,10
327,Pomacentridae,Pomacentrus,chrysurus,Pomacentrus_chrysurus,1,7
327,Labridae,Thalassoma,jansenii,Thalassoma_jansenii,1,14
327,Pomacentridae,Pomacentrus,moluccensis,Pomacentrus_moluccensis,1,2
328,Pomacentridae,Pomacentrus,moluccensis,Pomacentrus_moluccensis,1,2
328,Pomacentridae,Pomacentrus,moluccensis,Pomacentrus_moluccensis,1,5
328,Pomacentridae,Pomacentrus,chrysurus,Pomacentrus_chrysurus,1,10
328,Pomacentridae,Pomacentrus,chrysurus,Pomacentrus_chrysurus,1,7
328,Labridae,Stethojulis,bandanensis,Stethojulis_bandanensis,1,8
329,Pomacentridae,Pomacentrus,moluccensis,Pomacentrus_moluccensis,1,2
329,Pomacentridae,Pomacentrus,chrysurus,Pomacentrus_chrysurus,1,10
329,Pomacentridae,Pomacentrus,chrysurus,Pomacentrus_chrysurus,1,7
329,Pomacentridae,Pomacentrus,chrysurus,Pomacentrus_chrysurus,1,4
329,Labridae,Thalassoma,jansenii,Thalassoma_jansenii,1,14
330,Pomacentridae,Pomacentrus,chrysurus,Pomacentrus_chrysurus,1,8
330,Pomacentridae,Pomacentrus,moluccensis,Pomacentrus_moluccensis,1,8
330,Labridae,Stethojulis,bandanensis,Stethojulis_bandanensis,1,10
331,Pomacanthidae,Centropyge,vrolikii,Centropyge_vrolikii,1,12
331,Pomacentridae,Pomacentrus,moluccensis,Pomacentrus_moluccensis,1,5
331,Pomacentridae,Pomacentrus,moluccensis,Pomacentrus_moluccensis,1,2
331,Pomacentridae,Pomacentrus,chrysurus,Pomacentrus_chrysurus,1,10
331,Pomacentridae,Pomacentrus,chrysurus,Pomacentrus_chrysurus,1,7
331,Labridae,Stethojulis,bandanensis,Stethojulis_bandanensis,1,10
332,Labridae,Stethojulis,bandanensis,Stethojulis_bandanensis,1,10
332,Pomacanthidae,Centropyge,vrolikii,Centropyge_vrolikii,1,12
332,Pomacentridae,Pomacentrus,moluccensis,Pomacentrus_moluccensis,1,2
332,Pomacentridae,Pomacentrus,chrysurus,Pomacentrus_chrysurus,1,10
333,Pomacentridae,Pomacentrus,chrysurus,Pomacentrus_chrysurus,1,10
333,Pomacanthidae,Centropyge,vrolikii,Centropyge_vrolikii,1,12
334,Nemipteridae,Scolopsis,bilineata,Scolopsis_bilineata,1,14
334,Pomacentridae,Pomacentrus,moluccensis,Pomacentrus_moluccensis,1,2
334,Pomacentridae,Pomacentrus,moluccensis,Pomacentrus_moluccensis,1,5
334,Pomacentridae,Pomacentrus,chrysurus,Pomacentrus_chrysurus,1,10
334,Pomacentridae,Pomacentrus,chrysurus,Pomacentrus_chrysurus,1,8
334,Pseudochromidae,Pseudochromis,fuscus,Pseudochromis_fuscus,1,10
335,Pseudochromidae,Pseudochromis,fuscus,Pseudochromis_fuscus,1,10
335,Pomacentridae,Pomacentrus,moluccensis,Pomacentrus_moluccensis,1,2
335,Pomacentridae,Pomacentrus,moluccensis,Pomacentrus_moluccensis,1,5
335,Pomacentridae,Pomacentrus,chrysurus,Pomacentrus_chrysurus,1,10
335,Pomacentridae,Pomacentrus,chrysurus,Pomacentrus_chrysurus,1,7
335,Epinephelidae,Epinephelus,merra,Epinephelus_merra,1,20
335,Pomacentridae,Pomacentrus,chrysurus,Pomacentrus_chrysurus,1,7
335,Serranidae,Cephalopholis,cyanostigma,Cephalopholis_cyanostigma,1,18
335,Nemipteridae,Scolopsis,bilineata,Scolopsis_bilineata,1,15
336,Epinephelidae,Epinephelus,merra,Epinephelus_merra,1,16
336,Pomacentridae,Pomacentrus,moluccensis,Pomacentrus_moluccensis,1,2
336,Pomacentridae,Pomacentrus,moluccensis,Pomacentrus_moluccensis,1,4
336,Pomacentridae,Pomacentrus,chrysurus,Pomacentrus_chrysurus,1,6
337,Pomacentridae,Pomacentrus,moluccensis,Pomacentrus_moluccensis,1,2
337,Pomacentridae,Pomacentrus,moluccensis,Pomacentrus_moluccensis,1,5
337,Pomacentridae,Pomacentrus,chrysurus,Pomacentrus_chrysurus,1,10
337,Pomacentridae,Pomacentrus,chrysurus,Pomacentrus_chrysurus,1,6
338,Pomacentridae,Pomacentrus,moluccensis,Pomacentrus_moluccensis,1,2
338,Pomacentridae,Pomacentrus,moluccensis,Pomacentrus_moluccensis,1,5
338,Pomacentridae,Pomacentrus,chrysurus,Pomacentrus_chrysurus,1,10
339,Pomacentridae,Pomacentrus,chrysurus,Pomacentrus_chrysurus,1,7
339,Pomacentridae,Pomacentrus,moluccensis,Pomacentrus_moluccensis,1,2
339,Pomacentridae,Pomacentrus,moluccensis,Pomacentrus_moluccensis,1,5
340,Pomacentridae,Pomacentrus,moluccensis,Pomacentrus_moluccensis,1,2
340,Pseudochromidae,Pseudochromis,fuscus,Pseudochromis_fuscus,1,10
340,Pomacentridae,Pomacentrus,chrysurus,Pomacentrus_chrysurus,1,7
340,Pomacentridae,Pomacentrus,chrysurus,Pomacentrus_chrysurus,1,7
341,Pomacentridae,Pomacentrus,chrysurus,Pomacentrus_chrysurus,1,7
341,Pomacentridae,Pomacentrus,chrysurus,Pomacentrus_chrysurus,1,7
341,Pomacentridae,Pomacentrus,moluccensis,Pomacentrus_moluccensis,1,2
341,Pomacentridae,Pomacentrus,moluccensis,Pomacentrus_moluccensis,1,5
342,Pomacentridae,Pomacentrus,chrysurus,Pomacentrus_chrysurus,1,8
342,Pomacentridae,Pomacentrus,moluccensis,Pomacentrus_moluccensis,1,2
343,Pomacentridae,Pomacentrus,moluccensis,Pomacentrus_moluccensis,1,5
343,Pomacentridae,Pomacentrus,chrysurus,Pomacentrus_chrysurus,1,10
343,Pomacentridae,Pomacentrus,chrysurus,Pomacentrus_chrysurus,1,7
344,Pomacentridae,Pomacentrus,chrysurus,Pomacentrus_chrysurus,1,7
344,Pomacentridae,Pomacentrus,chrysurus,Pomacentrus_chrysurus,1,7
344,Pomacentridae,Pomacentrus,moluccensis,Pomacentrus_moluccensis,1,2
344,Labridae,Cheilinus,chlorourus,Cheilinus_chlorourus,1,9
344,Pomacentridae,Pomacentrus,chrysurus,Pomacentrus_chrysurus,1,7
345,Pomacentridae,Pomacentrus,chrysurus,Pomacentrus_chrysurus,1,7
345,Pomacentridae,Pomacentrus,chrysurus,Pomacentrus_chrysurus,1,7
345,Pomacentridae,Pomacentrus,moluccensis,Pomacentrus_moluccensis,1,2
345,Pomacentridae,Pomacentrus,moluccensis,Pomacentrus_moluccensis,1,5
346,Pomacentridae,Pomacentrus,chrysurus,Pomacentrus_chrysurus,1,8
347,Pomacentridae,Pomacentrus,chrysurus,Pomacentrus_chrysurus,1,8
347,Pomacentridae,Pomacentrus,moluccensis,Pomacentrus_moluccensis,1,2
348,Pomacentridae,Pomacentrus,moluccensis,Pomacentrus_moluccensis,1,2
348,Pomacentridae,Pomacentrus,chrysurus,Pomacentrus_chrysurus,1,8
349,Pomacentridae,Pomacentrus,moluccensis,Pomacentrus_moluccensis,1,2
349,Pomacentridae,Pomacentrus,chrysurus,Pomacentrus_chrysurus,1,10
349,Labridae,Cheilinus,chlorourus,Cheilinus_chlorourus,1,12
349,Labridae,Thalassoma,jansenii,Thalassoma_jansenii,1,15
350,Pomacentridae,Pomacentrus,moluccensis,Pomacentrus_moluccensis,1,2
350,Pomacentridae,Pomacentrus,moluccensis,Pomacentrus_moluccensis,1,5
350,Labridae,Cheilinus,chlorourus,Cheilinus_chlorourus,1,9
350,Labridae,Halichoeres,hortulanus,Halichoeres_hortulanus,1,12
350,Pomacentridae,Pomacentrus,chrysurus,Pomacentrus_chrysurus,1,7
351,Labridae,Halichoeres,hortulanus,Halichoeres_hortulanus,1,14
351,Labridae,Cheilinus,chlorourus,Cheilinus_chlorourus,1,9
351,Pomacentridae,Pomacentrus,moluccensis,Pomacentrus_moluccensis,1,2
351,Pomacentridae,Pomacentrus,chrysurus,Pomacentrus_chrysurus,1,10
351,Pomacentridae,Pomacentrus,chrysurus,Pomacentrus_chrysurus,1,7
352,Pomacentridae,Pomacentrus,chrysurus,Pomacentrus_chrysurus,1,10
352,Pomacentridae,Pomacentrus,chrysurus,Pomacentrus_chrysurus,1,6
352,Labridae,Stethojulis,bandanensis,Stethojulis_bandanensis,1,8
353,Labridae,Stethojulis,bandanensis,Stethojulis_bandanensis,1,8
353,Pomacentridae,Pomacentrus,moluccensis,Pomacentrus_moluccensis,1,5
354,Pomacentridae,Pomacentrus,chrysurus,Pomacentrus_chrysurus,1,6
354,Pomacentridae,Pomacentrus,chrysurus,Pomacentrus_chrysurus,1,6
354,Labridae,Cheilinus,chlorourus,Cheilinus_chlorourus,1,5
354,Pomacentridae,Pomacentrus,moluccensis,Pomacentrus_moluccensis,1,2
354,Pomacentridae,Pomacentrus,moluccensis,Pomacentrus_moluccensis,1,4
355,Pomacentridae,Pomacentrus,moluccensis,Pomacentrus_moluccensis,1,3
355,Pomacentridae,Pomacentrus,philippinus,Pomacentrus_philippinus,1,10
355,Labridae,Cheilinus,chlorourus,Cheilinus_chlorourus,1,7
355,Pomacentridae,Pomacentrus,chrysurus,Pomacentrus_chrysurus,1,7
355,Pomacentridae,Pomacentrus,chrysurus,Pomacentrus_chrysurus,1,7
355,Pomacentridae,Pomacentrus,chrysurus,Pomacentrus_chrysurus,1,7
355,Pomacentridae,Pomacentrus,chrysurus,Pomacentrus_chrysurus,1,10
356,Pomacentridae,Pomacentrus,chrysurus,Pomacentrus_chrysurus,1,10
356,Pomacanthidae,Centropyge,vrolikii,Centropyge_vrolikii,1,10
356,Pomacentridae,Pomacentrus,philippinus,Pomacentrus_philippinus,1,10
356,Pomacentridae,Pomacentrus,moluccensis,Pomacentrus_moluccensis,1,2
357,Pomacentridae,Pomacentrus,moluccensis,Pomacentrus_moluccensis,1,2
357,Pomacentridae,Pomacentrus,chrysurus,Pomacentrus_chrysurus,1,10
357,Pomacentridae,Pomacentrus,chrysurus,Pomacentrus_chrysurus,1,7
357,Pomacanthidae,Centropyge,vrolikii,Centropyge_vrolikii,1,10
357,Nemipteridae,Scolopsis,bilineata,Scolopsis_bilineata,1,12
358,Nemipteridae,Scolopsis,bilineata,Scolopsis_bilineata,1,12
358,Labridae,Stethojulis,bandanensis,Stethojulis_bandanensis,1,8
358,Pomacentridae,Pomacentrus,moluccensis,Pomacentrus_moluccensis,1,2
358,Pomacentridae,Pomacentrus,moluccensis,Pomacentrus_moluccensis,1,5
358,Pomacentridae,Pomacentrus,chrysurus,Pomacentrus_chrysurus,1,7
359,Pseudochromidae,Pseudochromis,fuscus,Pseudochromis_fuscus,1,12
359,Pomacentridae,Pomacentrus,chrysurus,Pomacentrus_chrysurus,1,10
359,Pomacentridae,Pomacentrus,moluccensis,Pomacentrus_moluccensis,1,2
359,Labridae,Cheilinus,chlorourus,Cheilinus_chlorourus,1,6
360,Pomacentridae,Pomacentrus,moluccensis,Pomacentrus_moluccensis,1,4
360,Labridae,Stethojulis,bandanensis,Stethojulis_bandanensis,1,6
